DROP DATABASE IF EXISTS notarius;
CREATE DATABASE notarius;

DROP USER 'admin'@'localhost';
CREATE USER 'admin'@'localhost' IDENTIFIED BY '123';

GRANT ALL PRIVILEGES ON mysql.* TO 'admin'@'localhost' WITH GRANT OPTION;
GRANT ALL PRIVILEGES ON notarius.* TO 'admin'@'localhost' WITH GRANT OPTION;
GRANT RELOAD ON *.* TO 'admin'@'localhost';

USE notarius;


CREATE  TABLE presupuesto ( 
	id                   INT  NOT NULL   AUTO_INCREMENT  PRIMARY KEY,
	no_presupuesto       VARCHAR(15)  NOT NULL     ,
	proyectista          VARCHAR(100)  NOT NULL     ,
	proyecto             VARCHAR(200)  NOT NULL     ,
	gestor               VARCHAR(100)       ,
	enajentante          VARCHAR(100)       ,
	adquiriente          VARCHAR(100)  NOT NULL     ,
	valor_operacion      DECIMAL(10,2)  NOT NULL     ,
	monto_honorarios     DECIMAL(10,2)       ,
	monto_impuestos      DECIMAL(10,2)       ,
	fecha_honorarios     DATE       ,
	saldo                DECIMAL(10,2)       ,
	pago_de_comision     DATE       ,
	CONSTRAINT unq_presupuesto_no_presupuesto UNIQUE ( no_presupuesto ) 
 ) engine=InnoDB;

CREATE  TABLE usuario ( 
	id                   INT UNSIGNED NOT NULL   AUTO_INCREMENT  PRIMARY KEY,
	nombre_usuario       VARCHAR(100)       ,
	rol                  ENUM('admin','proyectista','tramites','juridico','presupuesto','armadores','otro')       
 ) engine=InnoDB;

CREATE  TABLE depositos_presupuesto ( 
	id                   INT UNSIGNED NOT NULL   AUTO_INCREMENT  PRIMARY KEY,
	no_presupuesto       VARCHAR(15)  NOT NULL     ,
	CONSTRAINT fk_desgloce_ppto_presupuesto_2 FOREIGN KEY ( no_presupuesto ) REFERENCES presupuesto( no_presupuesto ) ON DELETE NO ACTION ON UPDATE NO ACTION
 ) engine=InnoDB;

CREATE  TABLE desgloce_ppto_presupuesto ( 
	id                   INT UNSIGNED NOT NULL   AUTO_INCREMENT  PRIMARY KEY,
	no_presupuesto       VARCHAR(15)  NOT NULL     ,
	CONSTRAINT fk_desgloce_ppto_presupuesto_0 FOREIGN KEY ( no_presupuesto ) REFERENCES presupuesto( no_presupuesto ) ON DELETE NO ACTION ON UPDATE NO ACTION
 )engine=InnoDB;

CREATE  TABLE escritura ( 
	id                   INT  NOT NULL   AUTO_INCREMENT  PRIMARY KEY,
	no_escritura         INT UNSIGNED NOT NULL     ,
	bis                  BOOLEAN   DEFAULT 0    ,
	no_presupuesto       VARCHAR(15)       ,
	volumen              INT  NOT NULL     ,
	fecha_escritura      DATE  NOT NULL     ,
	no_expediente        INT  NOT NULL     ,
	sr                   BOOLEAN       ,
	clave_catastral      VARCHAR(100)  NOT NULL     ,
	infonavit            INT       ,
	entrega_testimonio   DATE       ,
	observaciones_escritura        VARCHAR(500)       ,
	fecha_vence_td       DATE       ,
	CONSTRAINT `unique` UNIQUE ( no_escritura, bis ) ,
	CONSTRAINT fk_escritura_presupuesto FOREIGN KEY ( no_presupuesto ) REFERENCES presupuesto( no_presupuesto ) ON DELETE NO ACTION ON UPDATE NO ACTION
 ) engine=InnoDB;

CREATE  TABLE facturas ( 
	id                   INT UNSIGNED NOT NULL   AUTO_INCREMENT  PRIMARY KEY,
	no_presupuesto       VARCHAR(15)  NOT NULL     ,
	escritura_id         INT       ,
	CONSTRAINT unq_facturas_no_presupuesto UNIQUE ( no_presupuesto ) ,
	CONSTRAINT fk_facturas_escritura FOREIGN KEY ( escritura_id ) REFERENCES escritura( id ) ON DELETE NO ACTION ON UPDATE NO ACTION,
	CONSTRAINT fk_facturas_presupuesto FOREIGN KEY ( no_presupuesto ) REFERENCES presupuesto( no_presupuesto ) ON DELETE NO ACTION ON UPDATE NO ACTION
 ) engine=InnoDB;

CREATE  TABLE juridico ( 
  id                   INT  NOT NULL   AUTO_INCREMENT  PRIMARY KEY,
	escritura_id         INT  NOT NULL ,
	contrato_en_extracto BOOLEAN       ,
	firmas_en_extracto   BOOLEAN       ,
	pendientes           BOOLEAN       ,
	no_paso              BOOLEAN       ,
	otorgamiento         DATE       ,
	firma                DATE       ,
	autorizacion         DATE       ,
	fecha_aviso_renap    DATE       ,
	fecha_envio_dircc    DATE       ,
	uif_poder_irrevocable DATE       ,
	fecha_aviso_reloat   DATE       ,
	fecha_aviso_dir_not_tpa DATE       ,
	folios               INT       ,
	numeracion_folios    VARCHAR(100)       ,
	folio_cancelado      INT       ,
	fecha_minuta         DATE       ,
	fecha_apendice       DATE       ,
	minuta               BOOLEAN       ,
	apendice             BOOLEAN       ,
	fecha_entrega_juridico DATE       ,
	fecha_aviso_portal   DATE       ,
	fecha_cierre_antilavado DATE       ,
	isr_enajenacion      BOOLEAN       ,
	isr_adquisicion      BOOLEAN       ,
	iva                  BOOLEAN       ,
	CONSTRAINT fk_juridico_escritura FOREIGN KEY ( escritura_id ) REFERENCES escritura( id ) ON DELETE NO ACTION ON UPDATE NO ACTION
 ) engine=InnoDB;

CREATE  TABLE no_facturas ( 
	id                   INT  NOT NULL   AUTO_INCREMENT  PRIMARY KEY,
	id_relacion          INT UNSIGNED NOT NULL     ,
	no_factura           INT  NOT NULL     ,
	CONSTRAINT fk_facturas_facturas_escritura FOREIGN KEY ( id_relacion ) REFERENCES facturas( id ) ON DELETE NO ACTION ON UPDATE NO ACTION
 )engine=InnoDB;

CREATE  TABLE pagos_presupuesto ( 
	id                   INT UNSIGNED NOT NULL   AUTO_INCREMENT  PRIMARY KEY,
	no_presupuesto       VARCHAR(15)  NOT NULL     ,
	CONSTRAINT fk_desgloce_ppto_presupuesto_1 FOREIGN KEY ( no_presupuesto ) REFERENCES presupuesto( no_presupuesto ) ON DELETE NO ACTION ON UPDATE NO ACTION
 )engine=InnoDB;

CREATE  TABLE rpp ( 
	id                   INT UNSIGNED NOT NULL   AUTO_INCREMENT  PRIMARY KEY,
	no_presupuesto       VARCHAR(15)  NOT NULL     ,
	escritura_id         INT       ,
	folio_rpp            INT       ,
	observaciones_rpp        VARCHAR(500)       ,
	registrada           ENUM('en tramite', 'si', 'rechazado', 'reingreso', 'saldo insuficiente')       ,
	CONSTRAINT unq_rpp_folio_rpp UNIQUE ( folio_rpp ) ,
	CONSTRAINT fk_rpp_presupuesto FOREIGN KEY ( no_presupuesto ) REFERENCES presupuesto( no_presupuesto ) ON DELETE NO ACTION ON UPDATE NO ACTION,
	CONSTRAINT fk_rpp_escritura FOREIGN KEY ( escritura_id ) REFERENCES escritura( id ) ON DELETE NO ACTION ON UPDATE NO ACTION
 ) engine=InnoDB;

CREATE  TABLE rpp_fechas_rpp ( 
	id                   INT UNSIGNED NOT NULL   AUTO_INCREMENT  PRIMARY KEY,
	id_rpp               INT UNSIGNED NOT NULL     ,
	CONSTRAINT fk_rpp_fechas_rpp_rpp FOREIGN KEY ( id_rpp ) REFERENCES rpp( id ) ON DELETE NO ACTION ON UPDATE NO ACTION
 )engine=InnoDB;

CREATE  TABLE aviso_definitivo ( 
  id                   INT  NOT NULL   AUTO_INCREMENT  PRIMARY KEY,
	folio_rpp            INT       ,
	fecha_presentado     DATE       ,
	fecha_salida         DATE       ,
	fecha_vence          DATE       ,
	CONSTRAINT fk_aviso_definitivo_rpp FOREIGN KEY ( folio_rpp ) REFERENCES rpp( folio_rpp ) ON DELETE NO ACTION ON UPDATE NO ACTION
 ) engine=InnoDB;

CREATE  TABLE depositos ( 
	id                   INT  NOT NULL   AUTO_INCREMENT  PRIMARY KEY,
	id_relacion          INT UNSIGNED NOT NULL     ,
	fecha                DATE  NOT NULL     ,
	concepto             VARCHAR(100)  NOT NULL     ,
	cantidad             DECIMAL(10,2)  NOT NULL     ,
	observaciones        VARCHAR(500)       ,
	banco                VARCHAR(100)       ,
	tipo                 ENUM('honorario','impuestos')       ,
	CONSTRAINT fk_depositos_pagos_presupuesto FOREIGN KEY ( id_relacion ) REFERENCES pagos_presupuesto( id ) ON DELETE NO ACTION ON UPDATE NO ACTION
 ) engine=InnoDB;

CREATE  TABLE pagos ( 
	id                   INT UNSIGNED NOT NULL   AUTO_INCREMENT  PRIMARY KEY,
	id_relacion          INT UNSIGNED NOT NULL     ,
	fecha                DATE  NOT NULL     ,
	concepto             VARCHAR(100)  NOT NULL     ,
	cantidad             DECIMAL(10,2)  NOT NULL     ,
	autorizado_por       VARCHAR(100)       ,
	observaciones        VARCHAR(500)       ,
	CONSTRAINT fk_pagos_depositos_presupuesto FOREIGN KEY ( id_relacion ) REFERENCES depositos_presupuesto( id ) ON DELETE NO ACTION ON UPDATE NO ACTION
 ) engine=InnoDB;

CREATE  TABLE catastro_calificacion ( 
	id                   INT UNSIGNED NOT NULL   AUTO_INCREMENT  PRIMARY KEY,
	vencimiento_td       BOOLEAN       ,
	no_presupuesto       VARCHAR(15)  NOT NULL     ,
	escritura_id         INT       ,
	observaciones_cat_calif        VARCHAR(500)       ,
	cat_rev              ENUM('si','en tramite', 'correccion')       ,
	CONSTRAINT fk_catastro_calificacion FOREIGN KEY ( escritura_id ) REFERENCES escritura( id ) ON DELETE NO ACTION ON UPDATE NO ACTION,
	CONSTRAINT fk_catastro_calificacion_presupuesto FOREIGN KEY ( no_presupuesto ) REFERENCES presupuesto( no_presupuesto ) ON DELETE NO ACTION ON UPDATE NO ACTION
 ) engine=InnoDB;

CREATE  TABLE catastro_td ( 
	id                   INT UNSIGNED NOT NULL   AUTO_INCREMENT  PRIMARY KEY,
	escritura_id         INT  NOT NULL     ,
	observaciones_cat_td        VARCHAR(500)       ,
	cat_terminado        ENUM('si','en tramite','correccion')       ,
	CONSTRAINT fk_catastro_td_escritura FOREIGN KEY ( escritura_id ) REFERENCES escritura( id ) ON DELETE NO ACTION ON UPDATE NO ACTION
 ) engine=InnoDB;

CREATE  TABLE cc_fechas_cc ( 
	id                   INT UNSIGNED NOT NULL   AUTO_INCREMENT  PRIMARY KEY,
	id_cc                INT UNSIGNED NOT NULL     ,
	CONSTRAINT fk_cc_fechas_cc_catastro_calificacion FOREIGN KEY ( id_cc ) REFERENCES catastro_calificacion( id ) ON DELETE NO ACTION ON UPDATE NO ACTION
 )engine=InnoDB;

CREATE  TABLE ctd_fechas_ctd ( 
	id                   INT UNSIGNED NOT NULL   AUTO_INCREMENT  PRIMARY KEY,
	id_ctd               INT UNSIGNED NOT NULL     ,
	CONSTRAINT fk_ctd_fechas_ctd_catastro_td FOREIGN KEY ( id_ctd ) REFERENCES catastro_td( id ) ON DELETE NO ACTION ON UPDATE NO ACTION
 )engine=InnoDB;

CREATE  TABLE desgloce_ppto ( 
	id                   INT  NOT NULL   AUTO_INCREMENT  PRIMARY KEY,
	id_relacion          INT UNSIGNED NOT NULL     ,
	concepto             VARCHAR(100)  NOT NULL     ,
	cantidad             DECIMAL(10,2)  NOT NULL     ,
	CONSTRAINT fk_desgloce_ppto_relacion_desgloce_presupuesto FOREIGN KEY ( id_relacion ) REFERENCES desgloce_ppto_presupuesto( id ) ON DELETE NO ACTION ON UPDATE NO ACTION
 ) engine=InnoDB;

CREATE  TABLE direccion_notarias_seguimiento_juicios ( 
  id                   INT  NOT NULL   AUTO_INCREMENT  PRIMARY KEY,
	escritura_id         INT  NOT NULL ,
	no_oficio_escritura  INT       ,
	fecha_envio_escritura DATE       ,
	fecha_solicitud_busqueda_testa_dircc DATE       ,
	fecha_solicitud_busqueda_testa_rpp DATE       ,
	fecha_publicacion_boletin DATE       ,
	fecha_publicacion_periodico DATE       ,
	CONSTRAINT fk_direccion_notarias_seguimiento_juicios FOREIGN KEY ( escritura_id ) REFERENCES escritura( id ) ON DELETE NO ACTION ON UPDATE NO ACTION
 ) engine=InnoDB;

CREATE  TABLE fechas_catastro_calif ( 
	id                   INT  NOT NULL   AUTO_INCREMENT  PRIMARY KEY,
	id_fechas            INT UNSIGNED NOT NULL     ,
	cat_envio_calif      DATE       ,
	cat_regreso_calif    DATE       ,
	observaciones        VARCHAR(500)       ,
	CONSTRAINT fk_fechas_catastro_calif_cc_fechas_cc FOREIGN KEY ( id_fechas ) REFERENCES cc_fechas_cc( id ) ON DELETE NO ACTION ON UPDATE NO ACTION
 ) engine=InnoDB;

CREATE  TABLE fechas_catastro_td ( 
	id                   INT  NOT NULL   AUTO_INCREMENT  PRIMARY KEY,
	id_fechas            INT UNSIGNED NOT NULL     ,
	cat_envio_td         DATE       ,
	cat_regreso_td       DATE       ,
	observaciones        VARCHAR(500)       ,
	CONSTRAINT fk_fechas_catastro_td_ctd_fechas_ctd FOREIGN KEY ( id_fechas ) REFERENCES ctd_fechas_ctd( id ) ON DELETE NO ACTION ON UPDATE NO ACTION
 )engine=InnoDB;

CREATE  TABLE fechas_rpp ( 
	id                   INT  NOT NULL   AUTO_INCREMENT  PRIMARY KEY,
	id_fechas            INT UNSIGNED NOT NULL     ,
	envio_rpp            DATE       ,
	regreso_rpp          DATE       ,
	observaciones        VARCHAR(500)       ,
	CONSTRAINT fk_fechas_rpp_rpp_fechas_rpp FOREIGN KEY ( id_fechas ) REFERENCES rpp_fechas_rpp( id ) ON DELETE NO ACTION ON UPDATE NO ACTION
 )engine=InnoDB;


 

INSERT INTO presupuesto VALUES (1,'1184','Ashly Brakus','Borer, Maggio and Larson','Eloy Gorczany','Mrs. Lonie Klein','Dr. Karelle Hauck',528878.50,68233.17,3311.00,'2014-03-11',0.00,'1974-04-24'),(2,'1996','Valentin Brakus','Cormier-Stanton','Damaris Windler','Larry Crona','Dr. Marcos Daniel',103936.30,54.68,592.90,'2008-10-30',61265.51,'1985-10-13'),(3,'1118','Grady Cassin','Langosh-Mills','Leslie Spinka','Wilfrid Schoen','Marcos Gerlach',19153528.98,0.00,69814.93,'2011-11-21',30339.74,'1975-10-27'),(4,'1211','Leonor Lubowitz','Crona Group','Courtney Christiansen','Santos Gottlieb','Baylee Berge Jr.',43.43,115.25,429102.92,'2005-12-05',689726.63,'1995-04-19'),(5,'1318','Jordy Olson','Kuhn-Eichmann','Caleb Christiansen DDS','Virginie Herman','Carmen Marquardt',99999999.99,675.80,82199803.78,'2007-02-25',20.70,'1993-08-11'),(6,'1927','Mr. Francis Ward','Breitenberg-Connelly','Mr. Emanuel Bernhard IV','Dortha Pollich','Krista Macejkovic I',477.93,0.00,607049.77,'1995-08-07',1016.57,'1995-03-27'),(7,'1371','Jaleel Wilkinson','Jast, Dickinson and Schimmel','Leola Robel','Mr. Howard Cremin','Joel Jacobi',79597.60,3.22,0.00,'2001-03-25',390.59,'1995-11-18'),(8,'1474','Laverne Moen','Ziemann-Price','Monserrat Satterfield','Arielle Ernser','Hudson Pfannerstill',2.45,312147.29,29.99,'2007-01-29',99999999.99,'1974-03-17'),(9,'1146','Prof. Torey Ullrich','Stamm and Sons','Prof. Bernardo Dare MD','Kathryne Bartell','Vincent Waters PhD',458136.19,55.53,0.00,'1990-07-06',1618.08,'1973-04-08'),(10,'1046','Della Bosco PhD','Halvorson Inc','Prof. Lacey McLaughlin','Alta Stroman','Miss Aryanna Cartwright',2.12,4195761.52,563.05,'2014-09-03',14525010.19,'1997-05-09'),(11,'1790','Olin Botsford','Bosco Ltd','Friedrich Brakus I','Dr. Carmel Barrows','Lina Veum',1225.17,164.40,166.00,'2019-07-03',2640174.04,'2022-03-09'),(12,'1963','Mavis Wehner','Gusikowski, Kiehn and Emmerich','Aryanna Hahn III','Prof. Randall Ratke PhD','Prof. Ray Cole V',1.96,2372874.19,2577825.88,'1974-08-22',115.00,'1984-06-04'),(13,'1415','Mrs. Araceli Stark','Pacocha Ltd','Yasmeen Connelly PhD','Janice Doyle','Karianne Lebsack',24527.63,0.00,32018.80,'1994-06-30',99999999.99,'1981-03-03'),(14,'1437','Albina Boyer','Robel-Streich','Prof. Quincy Hagenes','Ludwig Bins','Dr. Dedric Champlin II',0.49,42366.39,99999999.99,'1992-10-13',61017.64,'1985-01-09'),(15,'1671','Felton Renner','Reilly-Fritsch','Dr. Aimee Marvin','Jammie Kshlerin','Ms. Corine Conroy I',22.51,5732570.19,9555660.50,'2000-10-05',8079703.80,'1987-01-15'),(16,'1294','Kennith Keebler','Lindgren-Green','Rhianna McLaughlin DDS','Sonia Grimes Jr.','Leola Kuphal',4678317.36,695466.14,622.70,'2004-05-04',12.28,'2005-11-10'),(17,'1620','Jody Shanahan','Thiel-Fay','Anika Feeney','Rowan Grady','Abel Hyatt',0.00,3719578.70,768.06,'2010-12-10',47627.47,'2005-01-23'),(18,'1136','Damaris Heaney','Bergnaum Group','Prof. Kenneth Gerlach IV','Dee Koch','Elmore Marvin',19296138.94,1652266.55,478.72,'2001-09-26',99999999.99,'1992-03-01'),(19,'1166','Willard Gerhold','Lemke-Gulgowski','Faustino Bode V','Cade Ritchie','Dr. Jonatan Franecki Jr.',394154.48,1.43,99999999.99,'2006-10-13',14.74,'2010-01-04'),(20,'1309','Fabiola Brakus IV','Wiza PLC','Mrs. Adeline Satterfield','Ms. Rossie Rodriguez','Roberta Kuhlman',1643507.20,0.00,5.43,'1997-01-11',4716.00,'2017-12-05'),(21,'1317','Annie Franecki','McGlynn and Sons','Prof. Israel Abbott','Immanuel Kling','Jovan VonRueden',0.00,44.00,779.00,'2006-12-02',283525.00,'2011-06-11'),(22,'1489','Nels Brekke III','Bogisich-Tromp','Deontae Waelchi','Hiram Auer','Mr. Peter Stokes DVM',34197.24,0.00,88346.55,'1973-08-07',0.00,'2009-02-26'),(23,'1422','Prof. Briana Hirthe','Nienow, Hackett and Hilpert','Cullen Homenick','Sheridan Schuster','Mrs. Patsy Witting II',4406.30,21.80,409056.90,'1981-07-01',3945224.89,'1978-06-13'),(24,'1568','Vivien Lesch','Jones, Mertz and McGlynn','April Considine','Mr. Jason Haag V','Jazmin Casper',1.35,1.50,2049341.51,'2009-03-23',1.07,'1997-11-19'),(25,'1224','Ms. Bernadette Schulist IV','Emard-Daugherty','Wade Bradtke','Jessica Schaefer','Prof. Dameon Steuber',38.79,0.00,3061.20,'2009-07-08',693472.00,'1987-10-26'),(26,'1679','Archibald Waters','Langworth, Schuppe and Zemlak','Lavonne Simonis','Mr. Percival Rosenbaum','Mrs. Maeve Ledner',0.00,32969198.26,18570156.63,'2018-01-27',287.00,'1974-11-02'),(27,'1921','Velma Mueller V','Waters, Watsica and Rath','Kieran Goodwin','Dolly Batz','Art Keeling',2.33,962.79,33037397.72,'2006-12-25',0.00,'2000-07-21'),(28,'1049','Prof. Urban Lind','Denesik, McLaughlin and Marks','Mohammad Beahan','Mr. Curt Turcotte I','Cathy Rolfson',221.76,550180.09,411582.07,'2012-07-05',14.87,'1980-07-15'),(29,'1525','Nat Beahan DDS','Nikolaus-Abshire','Prof. Jett Schaden','Prof. Faustino Hahn DVM','Myron Lynch',371947.10,0.34,4.31,'2012-06-05',352.00,'1993-09-12'),(30,'1505','Prof. Dallas Parker IV','Beier-Maggio','Geo Ferry','Bridget Collins','Mable Gibson',11885340.54,642468.90,19464578.46,'2008-08-27',6052.00,'1970-08-12'),(31,'1181','Keagan Wiegand','Fisher-Hintz','Dr. Emilia Auer','Davon Champlin','Coy Hagenes',1.78,1471.42,160.20,'2004-11-26',23217283.98,'1981-07-10'),(32,'1459','Darrion Walker','Nicolas-Koelpin','Prof. Lydia Zboncak','Carmen Schmidt','Milford Conroy',2664146.40,4311189.60,0.00,'1987-12-09',151.00,'2020-07-08'),(33,'1053','Mrs. Evie Beatty MD','Conn Inc','Prof. Leopold Hahn DDS','Dr. Emiliano Kuhic III','Mr. Vidal Dickinson',0.00,4797.93,0.00,'1972-11-02',0.00,'1972-02-03'),(34,'1532','Abbie Walter Jr.','Ondricka, Abshire and Braun','Lyla Hermiston','Mr. Tillman Batz I','Christy Kulas',21410.05,327585.77,1020.30,'1971-04-10',0.00,'1992-12-18'),(35,'2011','Dr. Lesly Eichmann','Roberts, Kuvalis and Witting','Genoveva Paucek','Miss Vena Hegmann','Prof. Helga Stokes',0.00,5272330.36,2.00,'1973-09-12',286083.98,'1998-03-14'),(36,'1045','Weldon Quitzon','Smith-Lakin','Hallie Johnson II','Cordelia Schumm','Eloy Johnson',0.42,7.00,2445136.80,'2004-01-25',284248.91,'1986-08-25'),(37,'1745','Mr. Emile Crona','Dietrich-Rodriguez','Jazmyne Sawayn','Muriel Johns','Mr. Reagan Luettgen',25770.20,5560789.42,0.74,'2006-02-04',12.30,'2015-05-29'),(38,'1248','Miss Janie Maggio','Sanford LLC','Dolores Funk','Enrico Hand','Ernie Schmitt',2.68,8119.90,3.60,'1998-05-13',18.59,'1989-11-10'),(39,'1333','Lera VonRueden','Crona-Eichmann','Ms. Valerie Dietrich','Nickolas Johnson','Taurean Ratke V',0.00,611642.14,109822.00,'1971-11-29',99999999.99,'2002-12-03'),(40,'1907','Alexander Brekke','Bernier, Frami and Christiansen','Prof. Kenton Hoppe','Cecil Larson','Lily Morissette',4.68,24926.00,7.00,'2008-07-05',41510792.00,'1974-04-10'),(41,'1836','Rico Waelchi','Gislason-Hilpert','Wilmer Harvey','Heath Ritchie MD','Miller Crooks',0.96,11357.71,0.00,'1997-09-29',99999999.99,'1987-04-01'),(42,'1240','Albin Medhurst','Quitzon-Monahan','Jackson Dach','Jake Price','Dr. Deondre Swaniawski PhD',3060592.05,2.41,262.83,'1996-09-01',25.00,'2006-08-17'),(43,'1736','Otilia Hegmann','Gutmann LLC','Ransom Roberts','Maritza Altenwerth','Mr. Devon Rosenbaum',3015.47,10.48,3.35,'1999-04-10',739082.50,'2000-05-15'),(44,'1848','Ms. Myrtice Rodriguez','Crona, Powlowski and Pfannerstill','Miss Jermaine Shanahan II','Clemmie Schneider','Miss Amanda Murray',123.33,1010.00,3644798.32,'1979-12-19',3.70,'1995-10-03'),(45,'1301','Prof. Alfredo Marks','Heathcote-Vandervort','Keeley Zulauf','Christine Reynolds','Miss Kenya Dooley PhD',0.85,62.18,10752.81,'1994-11-01',5035509.12,'2020-06-30'),(46,'1756','Vita Kassulke','Renner LLC','Ms. Alyson Stroman Jr.','Nona Keeling','Piper Christiansen',0.00,66108880.60,0.00,'1994-10-21',118960.95,'1989-11-21'),(47,'1879','Mathew Christiansen','Jacobi, Mueller and Gorczany','Tyshawn Emard','Mr. Caleb Stroman','Abdul Fisher',74535827.80,0.00,0.00,'1971-06-07',1271.31,'2012-09-20'),(48,'1519','Prof. Jerry Towne','Kunde and Sons','Dr. Zola McGlynn I','Prof. Torrance Thompson','Dr. Shany Roberts',156702.44,0.00,172229.20,'2015-07-21',3503704.18,'1982-02-18'),(49,'1693','Nikko Murray Sr.','Gaylord, Lebsack and Welch','Prof. Lydia Kessler DVM','Mr. Dino Lynch MD','Robert Emmerich',1.04,22590.50,419749.91,'1998-02-17',1.55,'1993-01-19'),(50,'1089','Felicia Lebsack','Spinka, Quitzon and Hoppe','Emelie Kuhn','Dr. Roy Farrell Jr.','Desmond Gorczany',444424.44,59.16,784743.74,'2010-01-29',206626.02,'2011-12-09'),(51,'1052','Sunny Lynch','Hettinger and Sons','Dr. Luella Morissette','Rachel Gulgowski','Twila Rodriguez V',0.00,641363.55,23711.31,'1977-03-04',10.92,'1991-10-01'),(52,'1267','Hermina Barrows','Carter Ltd','Haley Ondricka II','Golden Fahey Sr.','Marcelino Smitham DVM',2901.36,99999999.99,5788.98,'2001-06-11',181.91,'1989-06-01'),(53,'1974','Britney Bradtke','Hettinger, Romaguera and Kutch','Emmanuel Maggio','Kiley Quigley','Shanon Aufderhar IV',63.61,2.70,26968646.00,'1998-02-15',159.46,'1972-07-29'),(54,'1050','Dr. Charlotte Schumm III','Kilback Ltd','Lia Leuschke DVM','Lenna Rice PhD','Elody Mann',913646.01,0.00,6133512.97,'1989-08-12',0.00,'2013-11-21'),(55,'1912','Axel Conn Sr.','Klocko-Leuschke','Marvin Wehner Sr.','Annetta Wintheiser','Camilla Schowalter V',108243.80,57.31,0.00,'1975-12-25',99999999.99,'1975-12-02'),(56,'1812','Joan Lehner','Lang, Cruickshank and Feeney','Prof. Kurtis Rempel','Alysa OKeefe','Ole Bode',4743410.43,16142.00,0.00,'2015-03-27',349.00,'2011-10-08'),(57,'1719','Mac Hoeger I','Haag-Berge','Dedrick Ernser','Forrest Kozey PhD','Ines Runolfsdottir Sr.',46065963.20,2083.40,187.40,'2017-04-29',2.16,'1972-04-20'),(58,'1349','Arvid Abbott MD','Heathcote-Dooley','Annabel Upton','Immanuel Stamm','Dr. Neal Green',264551.67,234875.67,4124.00,'1999-08-24',351054.87,'1993-03-09'),(59,'1071','Herman Hand II','Gaylord LLC','Jordi Schamberger','Dr. Jimmy Kutch','Domingo Koepp',56170.95,17752.30,14.06,'2008-04-26',352.06,'1991-11-30'),(60,'1169','Wilhelm Hayes','Block Group','Lizzie Schulist','Mrs. Lauriane Lesch','Julie Cummings II',5522.44,240.06,668.02,'2013-01-21',54.13,'1992-11-09'),(61,'1315','Dillan Braun','Lockman and Sons','Prof. Aisha Kiehn','Trenton Klein','Dr. Joyce Bayer Jr.',0.00,724.90,17534732.55,'1985-03-05',2803.30,'1984-09-16'),(62,'1694','Marcella Dicki','Kshlerin, Strosin and Beahan','Prof. Hans Ziemann','Ashtyn Kassulke','Tierra Okuneva',140038.32,8.07,7495.00,'1984-06-21',99999999.99,'2023-01-06'),(63,'1233','Armando Daniel V','OConner, Beier and Blanda','Claire Bogan DDS','Bobbie Greenfelder','Prof. Brittany Tillman II',0.00,381311.67,20516366.10,'1989-08-08',1491189.00,'2017-03-02'),(64,'1094','Woodrow Bogisich','Thompson-Fay','Mrs. Kaycee Walker','Robbie Heathcote','Nick Maggio',16019.60,33.52,99999999.99,'2022-12-21',0.00,'1981-10-05'),(65,'1366','Eldred Herman','Schuster and Sons','Elizabeth Gutmann','Kailey Leannon','Kelton Cole',4.47,0.00,95199804.85,'2000-08-27',35477.80,'1989-02-03'),(66,'1783','Yvonne Fadel','Lindgren, Kunde and Stiedemann','Liza Little','Dr. Harvey Lind','Winifred Runte',99999999.99,3756.90,381867.53,'1972-05-25',54.83,'1984-04-03'),(67,'1350','Efren Ledner','Boehm, Stark and Stehr','Kirsten Hoppe','Prof. Destini Abbott','Lenore Ritchie',0.00,0.00,378.00,'1983-12-01',26.81,'1984-05-04'),(68,'2000','Torrance Fay','Feeney Group','Dr. Karina Schulist II','Mrs. Mariane Terry III','Dr. Hermann Kessler Jr.',1376870.69,64454.87,99999999.99,'1996-12-23',1.01,'2015-07-03'),(69,'1487','Lea Konopelski Jr.','Schmitt LLC','Sonya Jerde','Marcellus Vandervort','Ms. Filomena Schaden III',11.00,4804.28,489970.23,'1998-08-07',23047742.89,'2016-04-10'),(70,'1201','Gabrielle McClure III','Mraz-Volkman','Dr. Giles Ruecker Jr.','Eddie Schuster','Dr. Rosendo Stiedemann',0.00,31.52,4.10,'1972-02-17',21737514.75,'2006-11-16'),(71,'1204','Terrance Kilback','Brakus Inc','Destin Friesen','Dr. Jacey Schaden MD','Janie Swift',157.86,34988466.87,34005643.49,'2006-02-16',1756.02,'2012-04-21'),(72,'1621','Miss Antonietta Reichel','Frami, Bruen and Smitham','Prof. Xander Yundt','Maci Moore','Ludie Langworth',62.96,7258.81,5.45,'1973-03-09',50.00,'1988-11-06'),(73,'1126','Bertram Rosenbaum','Olson, Botsford and Daugherty','Dr. Guy Stamm Jr.','Miss Lupe Corkery','Casper Howe',306480.80,0.00,0.00,'1973-06-08',1047096.24,'1998-03-13'),(74,'1533','Prof. Margarett Bergstrom','Hegmann Group','Chanelle Maggio','Miss Savannah Leuschke MD','Americo VonRueden',99999999.99,143.23,11154.90,'1971-01-31',0.00,'2011-03-28'),(75,'1403','Lula Stiedemann','Hayes-Terry','Adrien Feeney','Leta Keebler','Dr. Marilyne Powlowski PhD',0.82,20570883.25,99999999.99,'1991-12-05',798273.97,'1971-05-05'),(76,'1536','Kane Botsford','Terry Group','Alexandrea Herman','Annabell Kemmer IV','Kade Carter DVM',0.00,2771.55,50309.98,'2020-03-26',1.79,'1999-03-16'),(77,'1492','Jan Considine','Dickens Group','Reba Gottlieb','Ms. Evangeline Kuphal Sr.','Jevon Kris PhD',2009977.74,35017.00,63.29,'2019-09-19',31472.52,'2001-08-10'),(78,'1962','Alana OHara Sr.','Goyette, Mueller and Hills','Prof. Jovani Beatty','Zakary Stiedemann','Jeanie Gibson',74.21,875960.00,15.86,'1999-04-08',52824.81,'2022-09-24'),(79,'1190','Augusta Frami III','DAmore, Leffler and Graham','Mrs. Cheyanne Bode Sr.','Paul Daugherty','Dr. Jolie Lemke V',1439.41,2.51,97297.00,'1974-07-01',99999999.99,'1976-05-08'),(80,'1226','Aric Morar II','Adams-Lueilwitz','Ima Waters','Nova Simonis','Mabel Kutch V',0.00,754.70,1231.73,'1970-07-02',0.00,'1994-12-04'),(81,'1664','Minerva Friesen','Gibson, OKeefe and Jaskolski','Aliya Stracke','Prof. Athena Maggio','Hertha Ryan II',7696917.20,35818.68,4472.71,'1988-12-22',5.17,'2011-08-22'),(82,'1649','London Lueilwitz III','Brown-Homenick','Dr. Deontae Baumbach','Immanuel Johnston Sr.','Dr. Nestor Hyatt MD',2.92,13756200.00,426934.43,'2011-09-18',99999999.99,'1980-08-26'),(83,'1885','Edythe Mayer','Dach-Bogisich','London Stark','Dr. Chloe Kemmer DVM','Michele Bechtelar',8.14,1406642.50,99999999.99,'1999-07-09',8725.64,'1981-06-30'),(84,'1786','Skyla Willms','Rath, Collins and Kassulke','Dr. Trever Kassulke V','Ms. Serena Mueller','Jessyca Smitham',0.00,99999999.99,76592.65,'1994-11-10',22541.81,'2009-09-26'),(85,'1643','Mr. Allen Lesch','Shanahan, Kshlerin and Muller','Annetta Block','Joana Leuschke II','Pearlie Schmidt',18523666.13,0.00,2.75,'1973-11-21',28.58,'2002-10-12'),(86,'1047','Brooks Jast','Sanford-Wolf','Alize Bins','Yolanda Pfeffer','Vita Goodwin',99999999.99,124.78,14432.37,'1979-04-21',6538719.77,'1970-11-27'),(87,'2015','Josiah Littel IV','Morar-Willms','Dr. Gerda Prohaska IV','Dr. Hortense Cremin','Lacey Auer DVM',400.79,60520721.20,662866.76,'2004-04-06',2.52,'1976-01-26'),(88,'1259','Mrs. Priscilla Upton','Donnelly Inc','Stacy Dach','Unique Batz IV','Willis White MD',0.00,400.09,0.20,'1993-07-10',62.74,'1992-04-04'),(89,'1507','Dr. Xavier Swaniawski III','Stiedemann and Sons','Wilson Wolf Sr.','Charlene Green','Cordell Stanton',0.00,13065442.64,17523597.00,'2002-06-22',1498.20,'2000-10-24'),(90,'1133','Maye Boyle','Berge Group','Josefa Stracke Jr.','Celine Witting Sr.','Cooper Cartwright',998.96,1.35,296.62,'2002-04-08',191348.40,'1999-04-22'),(91,'1897','Prof. Reymundo Armstrong','Sanford Group','Heaven Collins','Allene Kris','Colleen Homenick',4559.24,0.00,6.80,'2005-09-21',223977.86,'1983-08-05'),(92,'1088','Donnie Toy','Oberbrunner-Jenkins','Bud Runolfsdottir','Concepcion Hoppe','Ibrahim Spencer IV',1.83,7.38,322026.80,'1983-02-24',101.07,'1985-01-07'),(93,'1292','Cristopher Kihn','Hermiston, Bins and McCullough','Rahul Russel','Adelia Nolan','Albina Padberg',34.11,70.86,14.68,'2005-02-14',3126217.81,'1989-04-24'),(94,'1376','Lonnie Schmitt PhD','Pouros, Barton and Zboncak','Holly Schultz','Dr. Stephen Homenick I','Matt Cole',14811839.45,349073.00,13.66,'1994-10-10',3757003.03,'2004-01-23'),(95,'1792','Marguerite Nicolas','Johnson-Nikolaus','Jayden Cummerata','Miss Kathleen Cole','Allen Kertzmann',3608967.50,0.81,2540820.73,'2016-09-14',453.80,'2003-10-07'),(96,'1302','Delphine Batz','Hills, Schamberger and Johns','Jo Osinski','Donato Borer','Miss Patsy Welch MD',682.56,19.53,4509.68,'2016-12-31',14.50,'1979-08-14'),(97,'1587','Darren Donnelly','Prohaska-Wuckert','Orpha Sipes','Heloise Ward','Prof. Rebeka Reynolds',371.15,9.42,1487785.77,'2021-04-21',99999999.99,'1980-06-17'),(98,'1289','Dr. Hulda Jaskolski I','Schoen-Runolfsson','Adeline Nicolas','Jaiden Emmerich','Gretchen Swaniawski',385.00,76202.50,0.00,'2013-07-21',76399009.06,'1991-02-08'),(99,'1820','Elmore Heller','Altenwerth-Adams','Jarod Yundt V','Miss Antonina Conn IV','Miss Adella Leffler',0.00,0.00,0.00,'2007-07-09',0.00,'1980-12-20'),(100,'1368','Hayley Goodwin','Grimes and Sons','Mrs. Destinee Dibbert','Prof. Nayeli Green','Dr. Kenny Kulas',54008315.64,27960.50,7.21,'1994-11-04',5224839.56,'1995-10-07');
INSERT INTO escritura VALUES (1,72,0,'1045',7,'2016-01-08',6,1,'Voluptatibus similique consequatur sint qui. Quos architecto reprehenderit voluptas beatae maiores q',3,'2004-07-20','Quasi vero qui praesentium blanditiis odio quaerat repudiandae. Ducimus vitae facere molestiae blanditiis. Delectus minima deleniti ipsam illo. Illum minus qui ut omnis officiis odio quo.','2019-06-19'),(2,86,0,'1046',5,'2009-08-09',4,1,'Labore nostrum ducimus natus aspernatur quidem accusamus sed. Quo ut aut ab neque.',5,'1991-01-26','Quos quis aliquam rerum minima neque. Officia quisquam quidem vitae. Quasi unde quaerat temporibus. Cum est non labore laudantium minus error.','1994-10-08'),(3,17,1,'1047',6,'1975-12-24',2,1,'Aperiam non cupiditate perspiciatis quam quo. Harum et et facere id optio voluptas. Cumque est omnis',6,'1972-12-23','Molestiae excepturi odio ad omnis animi et. Minus aut molestias aut laboriosam dignissimos dolor. Assumenda aliquam voluptas nulla consequuntur voluptatum. Doloribus vitae et odit quia quasi.','1987-04-01'),(4,47,1,'1049',8,'2001-01-19',2,0,'Quibusdam optio voluptatum excepturi. Ut ducimus possimus voluptatum deserunt voluptatem. Minus corr',0,'2005-09-03','Labore nobis eligendi aut nobis id. Qui iure dignissimos dolores. Explicabo quibusdam quia libero voluptatem alias ipsam. Illo minima temporibus pariatur dolorem. Nihil non consequatur qui.','1978-07-31'),(5,20,0,'1050',9,'2001-12-08',1,1,'Non id vitae incidunt laudantium molestias officia. Libero inventore hic eligendi illum voluptates a',7,'1986-07-01','Nulla laboriosam ullam sit. Qui ratione velit autem occaecati voluptas labore. Consequuntur commodi maiores iure animi.','1989-01-28'),(6,53,0,'1052',9,'2015-04-29',9,0,'Vel facere et ut quaerat. Similique sunt et veritatis incidunt facilis veritatis. Et maxime sapiente',4,'1996-02-18','Ea sunt quis est sequi officia recusandae officia. Qui voluptatum tempore maiores aliquid quo. Sint explicabo quas velit autem et est quasi. Sint quasi voluptatibus aut architecto.','1985-08-08'),(7,48,1,'1053',7,'1998-11-19',9,0,'Tempore quos quis maiores tempore quia ipsum. Occaecati nemo esse reprehenderit rerum quis. Ex incid',7,'1975-01-19','Necessitatibus iusto quia vitae vel exercitationem qui. Corrupti voluptatum officia laborum ipsum. Nobis iure dicta quia voluptate harum eos aut.','1991-10-13'),(8,91,1,'1071',5,'2022-03-04',2,1,'Et non eum perferendis reiciendis a voluptates nam. Hic qui nam amet sed labore. Voluptatem odit per',4,'1989-12-03','Libero sint minus voluptas aliquid magni. Voluptas id voluptatum aliquid qui qui amet dolorum.','1993-09-15'),(9,22,0,'1088',1,'1982-07-20',2,1,'Quo dolorem autem commodi. Repellendus non sed numquam vitae ab. Explicabo rerum ipsam animi quidem ',1,'2020-10-02','Blanditiis culpa doloribus commodi perferendis. Odio qui eius suscipit esse fuga accusamus amet. Est ab et pariatur ut reprehenderit illum non tenetur.','1994-08-17'),(10,37,0,'1089',7,'1990-11-22',5,0,'Animi commodi et iure ducimus et a. Ut consectetur sint alias voluptatem. Eum assumenda eum sed. Id ',2,'1978-04-13','Error commodi quod architecto commodi error porro. Omnis id delectus ea et quia. Eos maxime perferendis et pariatur.','2008-11-30'),(11,78,0,'1094',5,'1993-04-23',6,0,'Et numquam excepturi dolorem qui iste voluptatum. Incidunt ipsam illo maxime soluta optio. Libero vo',8,'2021-06-08','Voluptatibus distinctio pariatur rerum placeat adipisci aut tenetur. Dignissimos quo dicta odit deserunt.','1985-09-25'),(12,10,0,'1118',5,'1981-09-20',3,1,'At eos nam architecto. Quaerat numquam laudantium consequatur fuga recusandae occaecati id. Rerum ip',6,'1988-10-25','Qui perferendis sit enim voluptas omnis. Beatae esse dignissimos blanditiis doloribus aliquam non. Non autem veniam maxime blanditiis.','1992-06-07'),(13,2,0,'1126',1,'2021-11-05',9,0,'Laudantium adipisci illum saepe distinctio quas voluptas. Aut eaque nihil ratione. Ad non nobis aute',4,'1975-04-04','Est aut illum fuga incidunt ab sapiente. Veniam commodi qui aut cum. Dolores deserunt quos necessitatibus reiciendis molestiae ab rerum. Dicta ut itaque non soluta.','2003-09-01'),(14,35,0,'1133',4,'1995-11-29',0,1,'Quia qui ad numquam dicta voluptatem placeat. Sed ullam eligendi exercitationem velit consequatur. I',9,'1985-11-06','Eius modi optio quia quas possimus sit eligendi. Velit ipsum quas dolorem est aspernatur.','2020-01-28'),(15,30,1,'1136',4,'2018-08-29',6,0,'Quia saepe et ut qui. Perspiciatis voluptas labore aut. Doloribus voluptas ut reiciendis aut suscipi',4,'1985-03-29','Consequatur illo nihil sit optio. Praesentium fugiat doloremque quis similique et quia placeat possimus. Autem molestias porro est et reprehenderit quas.','1994-03-31'),(16,98,0,'1166',1,'1983-05-07',1,0,'Voluptatem reprehenderit voluptas quasi in quia. Sit qui fugiat adipisci ut quam sed aut aliquam. Et',7,'2017-03-03','Nobis in excepturi expedita officia minus vero. Qui incidunt a cum harum. Expedita est eos dolorum hic. Corrupti odio ut vel ipsa odit blanditiis possimus.','2000-04-16'),(17,76,0,'1169',2,'1972-07-17',5,1,'Sit quisquam totam asperiores enim fuga et maiores. Et aperiam occaecati est sint fugiat. Ex et aspe',9,'1981-01-25','Dolores voluptas eligendi quibusdam ratione. A sed et ea maxime voluptas. Nostrum sunt eligendi nam quibusdam enim voluptatem quae soluta. Earum doloribus voluptas voluptates nostrum cumque qui.','1977-01-09'),(18,38,1,'1181',1,'1972-04-04',2,1,'Et nihil illo voluptas dolores ipsam repellendus nam. Atque natus porro eum. Aut numquam occaecati c',7,'1971-02-06','Omnis cumque et ipsam quo quo facere recusandae. Debitis rerum quo nihil. Aut iure et est in adipisci.','2019-07-08'),(19,2,1,'1190',7,'2000-11-07',1,0,'Autem ut quod consequatur voluptate in. Non hic non et ad voluptas. Rerum modi facere debitis laboru',4,'2018-01-30','Et qui sed placeat et provident atque dolorem adipisci. Id dolores aspernatur iure omnis accusantium nemo ipsum.','1973-03-16'),(20,31,1,'1201',0,'2002-07-26',5,1,'Qui velit alias ipsum nam non magnam dolorem debitis. Quo officia ullam tenetur vel deleniti totam. ',2,'1999-05-28','Et suscipit in in voluptatem enim. Similique ullam dolor asperiores quas minus. Aut est nobis exercitationem ut ex ut est. Tempore quae temporibus laborum itaque consequatur animi veniam.','2018-12-30'),(21,64,0,'1204',7,'1988-10-24',4,1,'Deleniti dolores fugit debitis et. Molestiae quaerat laudantium dolorem aut. Rerum inventore est seq',0,'1973-09-20','Fugit impedit voluptates nemo. Eligendi animi maiores quaerat vel illum unde sit.\nNemo odit distinctio eos sed sit veniam sint odit. Architecto est natus debitis asperiores itaque.','1990-02-06'),(22,92,0,'1211',5,'1987-07-03',5,1,'Vel sed vero ea velit eos perferendis harum maxime. Sequi a corporis quos vero qui. Rerum quis nihil',3,'1973-07-18','Reiciendis iusto velit modi quidem dignissimos. Et sint libero eveniet ab. Nulla illo quas ex perferendis qui delectus et iste. Exercitationem temporibus maiores velit mollitia alias nihil non eius.','1996-10-02'),(23,80,0,'1224',8,'1988-04-24',6,1,'Earum natus labore dolor et et velit. Voluptate et sint nesciunt est sed. Maiores qui qui accusantiu',4,'1979-05-12','Sunt quia mollitia autem dolor nesciunt voluptate. Totam id cumque dolorem earum ut. Non quis ab sed.','2020-08-27'),(24,33,1,'1226',8,'2006-11-10',3,1,'Est minus itaque itaque in. Dolores et voluptatem consectetur exercitationem rerum deleniti et. Sit ',0,'2002-06-15','Esse harum explicabo libero delectus fugit est. Vel unde placeat molestiae vitae voluptatem. Eligendi corporis voluptatem quos amet quia sequi sit. Qui commodi aut doloremque at est necessitatibus.','2003-02-24'),(25,73,0,'1233',3,'2004-12-27',4,0,'Ut culpa sed est aspernatur sed praesentium dolorem sunt. Sequi minima facere eveniet et et ex verit',0,'1997-05-21','Cumque odit hic aut et vel. Qui facere officiis sequi ut. Vel asperiores et delectus numquam. Autem aut quia possimus corporis.','2021-08-12'),(26,21,0,'1248',6,'2015-10-12',2,0,'Provident sint vero nemo sed vero laborum illum deleniti. Et minima et nihil voluptatum. Maxime omni',2,'1970-09-04','Nihil nesciunt voluptatem asperiores. Alias et temporibus vero officia ut labore. Debitis excepturi aperiam iste nam et.','1997-10-02'),(27,81,1,'1259',8,'1986-05-05',0,0,'Est illo sed quo consequatur praesentium repellendus hic. Veniam molestias officiis unde quia dignis',7,'1976-09-17','Facilis sint quis quas sunt. Modi culpa nulla facere esse cum odit sint. Officiis aut soluta consequatur recusandae.','2007-10-16'),(28,69,0,'1267',9,'1976-01-13',5,1,'Voluptatem molestias perspiciatis incidunt nulla tenetur. Ipsam magni atque non accusantium facilis ',9,'1997-03-11','Voluptas sed possimus est earum labore ex. Ipsum ut dolore deleniti perspiciatis sequi at minus. Ut possimus rem qui maxime.','2008-02-01'),(29,28,1,'1289',9,'2009-12-30',2,1,'Doloremque qui amet enim ab iure optio. Debitis reiciendis quia quasi sint rem. Eum sit quae quisqua',5,'2006-01-09','Enim et officia ipsum dignissimos. Nulla consequatur at est molestias soluta. Voluptatem dolore laudantium autem corrupti. Pariatur aperiam et facere ex ea et culpa.','1993-07-27'),(30,19,0,'1292',3,'1978-09-09',7,1,'Illo quo sunt qui quaerat in itaque. Quisquam quod nesciunt est. Excepturi architecto nemo inventore',1,'1999-10-08','Unde natus quidem voluptatum. Sed repellat sed labore. Ut quam in qui enim quidem. Nostrum id sit aut sapiente eveniet sapiente.','1989-12-06'),(31,51,0,'1301',2,'1973-12-05',4,0,'Adipisci est aut perspiciatis molestias eum voluptatem. Doloremque voluptates at et suscipit officii',1,'2005-01-14','Odio libero quis ducimus exercitationem. Sunt quas voluptas fuga omnis. Nam quos et molestiae dolor qui. Tempora officia laudantium cum ducimus placeat.','1981-07-07'),(32,60,0,'1302',5,'1994-04-18',0,1,'Modi nostrum deleniti earum culpa maiores est repudiandae. Saepe facere molestiae repudiandae placea',0,'2010-12-21','Aut quas nobis nemo nobis cumque tempora quam id. Accusantium nobis qui vitae harum quidem. Voluptas autem eos quod inventore inventore.\nSunt sit consequatur sed excepturi. Dolorem ut eum voluptas.','1972-05-12'),(33,63,0,'1309',9,'2015-09-08',6,1,'Excepturi quidem tempore qui optio dolorem. Occaecati sunt qui architecto voluptatibus eum animi rei',1,'2011-10-19','Fuga mollitia nihil consectetur adipisci soluta recusandae. Sed harum dolor ipsum alias quaerat nobis voluptatem. Eos similique recusandae aliquam amet optio. Nisi omnis velit sed dolor.','2007-07-01'),(34,48,0,'1317',9,'1993-11-28',2,1,'Aliquam eius quae enim fugit praesentium illum culpa. Iste sunt et voluptas. Veniam nam ipsum dolori',0,'2007-06-16','Qui harum veritatis doloribus sit. Ipsum ipsa quis rem architecto eius et perspiciatis voluptas. Accusantium autem aliquam incidunt vero voluptas error vitae amet.','2003-05-14'),(35,95,0,'1318',7,'2019-01-07',7,0,'Voluptas est nulla tempora architecto. Voluptas dolor nesciunt nihil ea porro itaque. Rerum adipisci',7,'1986-02-24','Est ex praesentium nisi adipisci. Excepturi totam quis deserunt quod molestiae omnis commodi totam.','1983-10-10'),(36,40,0,'1349',8,'1995-08-27',7,0,'Iusto pariatur modi dolores cumque tempora. Rerum quod maxime eveniet qui error omnis. Autem veniam ',1,'1972-09-12','Eos ab molestiae repellendus odio perspiciatis omnis ullam. Nesciunt voluptatum voluptatibus ea quo voluptas consequuntur sit modi. Sint nesciunt nam aut et dolores sunt.','2022-09-20'),(37,52,1,'1350',6,'2018-10-14',5,1,'Sit non deserunt sed quasi ut tempore voluptatibus. Laboriosam id atque voluptas est nihil reprehend',7,'1984-04-19','Illum dicta iure consectetur quis sint consequuntur illum. Eos saepe dolor unde quia eligendi voluptate. Aut sit non illum ex explicabo. Eum provident aut repudiandae.','1982-02-19'),(38,56,1,'1366',3,'1990-12-08',9,1,'Totam sit et quas ea expedita earum. Voluptas tempore consequatur omnis in alias eligendi est.',5,'1991-03-09','Modi excepturi rerum optio. Possimus aliquam sint magni cumque rerum voluptatum. Qui et et perferendis iste magnam. Iure tempora expedita a.','2007-02-22'),(39,15,1,'1368',9,'2003-12-05',5,1,'Ullam repellendus ut non odit sunt consequuntur. Molestias recusandae et vero similique. Et dolor au',8,'1976-02-02','Sed natus non quas ad est sequi. Culpa et eveniet ullam amet ut possimus beatae. Cum possimus reprehenderit excepturi veritatis. Sed voluptatum nemo qui nobis aliquid voluptatum et.','2015-07-13'),(40,14,1,'1371',1,'1981-01-15',5,1,'Voluptatum quasi magnam cum qui earum. Dicta ullam ipsa accusantium.',7,'2013-07-05','Dolore ducimus non molestiae non voluptas veritatis. Quis omnis placeat vel autem commodi repellendus. Doloremque odio beatae veniam. Quis porro officia pariatur inventore provident alias incidunt.','1987-08-09'),(41,51,1,'1376',4,'1985-12-16',0,1,'At illo ipsa et ut. Nihil facilis incidunt quis officiis quaerat error.',8,'1972-05-16','Qui aut rerum est molestias. Tempore et iusto blanditiis. Maxime dolorem rerum molestiae et excepturi accusantium.','2021-08-13'),(42,74,1,'1415',0,'1984-11-30',7,0,'Rerum error id tempore quas repellendus. Ex aperiam et minus eos non. Et earum voluptas magni eum.',4,'2019-12-26','Quasi fugiat nostrum dicta rem vel ducimus cum. Molestias vel minima maxime ut asperiores numquam quidem velit. Totam et blanditiis qui numquam est.','2008-11-05'),(43,15,0,'1422',6,'1997-06-12',5,0,'Error labore ab molestias repudiandae mollitia quia quae tempora. Nihil velit reiciendis qui et. Pro',0,'1983-05-16','Hic et eius autem at magni maiores rerum. Quo voluptate ex totam tempore. Ea asperiores rem totam consequatur beatae doloribus.','2001-10-12'),(44,100,0,'1474',1,'2021-01-20',0,0,'Fugit quia nemo temporibus quia molestias rerum aut. Velit rerum praesentium ad rerum quia facere vo',0,'1996-05-10','Molestiae molestiae ab nemo nihil voluptatem dolore officiis. Placeat perferendis nihil odio suscipit soluta dolore aut. Voluptatem deserunt consequuntur minima.','2012-03-22'),(45,60,1,'1487',3,'2009-09-06',4,1,'Similique qui sed ut aspernatur. Quis ut illo qui sunt id iste et. Quos quisquam voluptate fugit vol',6,'1983-09-19','Voluptates consectetur deleniti quasi dolores et consequuntur. Perspiciatis necessitatibus harum voluptatem at.','1997-11-08'),(46,43,0,'1489',3,'2005-12-03',6,1,'Sit esse et delectus saepe sit eveniet iste. Non voluptas commodi a perferendis excepturi ut qui. Te',6,'2005-09-09','Rerum nesciunt beatae sed vero. Velit beatae in autem dolorem. Quibusdam animi soluta magni iste nam.','2019-01-20'),(47,44,1,'1505',2,'1983-12-16',3,1,'Nisi autem voluptatem quisquam. Enim fuga quo facere ut quis. Sed et inventore totam facere consequa',4,'1974-08-10','Nam nostrum ipsam laborum sapiente est esse. In et et natus ipsum ut eveniet. Soluta perspiciatis quidem reiciendis ad non neque exercitationem.','1984-11-28'),(48,75,0,'1507',8,'2014-03-03',9,1,'Qui dolorem dolorem voluptates architecto amet repellat corporis. Est qui ipsam impedit atque rerum.',2,'1997-11-02','Occaecati molestiae eligendi recusandae quis sequi numquam nulla aut. Qui dolorem corrupti deserunt nulla doloremque iusto et. Quia laborum et ea architecto aut ducimus.','1996-05-07'),(49,49,0,'1519',1,'2006-08-09',0,0,'Fuga ab voluptatem enim eaque et quia. Odio asperiores reprehenderit aut et beatae ducimus. Animi pe',3,'1986-08-05','Dicta soluta quis alias perferendis et. Assumenda illo aut voluptate fuga aut nihil. Omnis vitae quo maxime quia ut maiores quisquam. Et laborum est a eaque et porro.','1990-09-13'),(50,96,1,'1525',8,'2003-01-12',3,1,'Iste suscipit quis aspernatur quos corporis ipsa. Et nemo ut quasi molestias. Quis et laboriosam qui',7,'1992-08-21','Itaque inventore perferendis vel. Et eaque nihil amet voluptas blanditiis pariatur officiis. Sequi et debitis dolorem nihil. Eius rerum qui quo qui inventore.','2003-03-13'),(51,72,1,'1532',1,'2021-07-14',2,0,'Numquam eveniet numquam et autem et. Distinctio eligendi amet ut.',2,'2008-12-02','Consequatur magni qui vel ut ad commodi. Possimus amet sequi quas et magnam. Voluptas commodi ea assumenda dignissimos rerum et et consequatur.','2020-03-20'),(52,21,1,'1533',7,'2009-04-08',4,1,'Itaque maiores quas est aspernatur velit. Sunt veniam similique deleniti doloribus consequatur nam e',6,'1976-05-18','Eaque sed illum mollitia sint. Et commodi dignissimos adipisci voluptatem molestiae omnis. Rem debitis nemo a illo quia.','2001-05-09'),(53,41,1,'1536',0,'1997-01-22',3,0,'Et deleniti architecto tenetur esse voluptatem. Veritatis omnis adipisci itaque sint harum id. Quide',8,'2018-02-06','Explicabo cum doloribus eligendi qui. Quae eum facere sed sed necessitatibus vitae modi. Aliquam autem magni ut laudantium est laboriosam. Et molestias et voluptates.','2009-05-11'),(54,71,0,'1568',0,'1998-02-26',9,0,'Totam quae ducimus rerum id eos voluptatibus qui. Optio nisi inventore repellat velit enim. Rem solu',5,'2008-05-06','Accusamus odio delectus ullam suscipit adipisci. Sit odit aut labore delectus saepe sunt corporis ipsum. Veniam quia qui consequuntur eius aut suscipit omnis hic.','2010-12-28'),(55,41,0,'1587',6,'2020-01-13',6,1,'Suscipit odit alias est laudantium quod sed sint. Voluptatum accusamus quibusdam iusto est. Consequa',0,'2022-04-05','Et neque dolores dicta amet eos dolores amet. Eveniet voluptatem adipisci dolor quisquam. Vel corporis id rerum nulla sunt et sapiente.','2013-10-20'),(56,35,1,'1620',0,'2022-09-07',3,0,'Error unde alias ea voluptas. Impedit quasi adipisci excepturi numquam. Dolore facere omnis ut archi',9,'2013-11-10','Explicabo commodi et est laudantium natus minima et. Et aut voluptas eum explicabo. Ut dolorum sunt voluptatem laudantium aut omnis alias ut. Perferendis possimus aliquam quas labore.','1999-04-19'),(57,84,1,'1621',9,'2015-03-15',9,1,'Eos et qui est sapiente. Tenetur odio accusamus velit ab qui. Nam dolor ut et ea repellat nesciunt n',0,'2006-07-19','In et vel nobis occaecati. Corrupti dolorem qui culpa officiis nemo. Reprehenderit excepturi accusantium iusto nihil. Repellat sunt rerum fugit esse velit aut ea iusto.','1970-05-08'),(58,85,1,'1643',3,'2015-06-23',0,0,'Quo enim vel aut animi iste sunt eligendi. Sed animi quas quo et deleniti quis eum. Sit sed aut veni',2,'2011-09-07','Quod occaecati velit quia laudantium quos. Itaque asperiores quos qui sed neque. Quia tenetur et at. Impedit commodi quibusdam pariatur accusamus.','2005-04-22'),(59,22,1,'1664',9,'1988-10-04',6,1,'Et dolor occaecati culpa natus voluptas eligendi. Non facere laboriosam aut nesciunt ratione dicta. ',8,'1996-10-22','Beatae qui id reprehenderit reiciendis. Dolores perferendis nostrum consequatur soluta dolore cupiditate deleniti. Velit placeat est sint et dolorem.','2001-04-26'),(60,54,0,'1671',5,'2001-02-25',4,1,'Et aut ut sint consequatur. Vero quibusdam sit ut minus omnis enim cum. Est tenetur iste voluptas im',1,'1990-09-27','Sint quisquam repudiandae similique. Sint deserunt voluptas aut perferendis. Aut nemo culpa quam possimus temporibus.','2006-03-26'),(61,1,0,'1679',1,'1986-12-25',6,1,'Praesentium numquam facere iusto cumque. Eligendi voluptatibus eveniet ipsum. Assumenda ut ipsa quod',3,'2003-12-02','Distinctio optio assumenda libero consequatur. Et similique labore blanditiis in dolor laboriosam fugiat. Dolorum laudantium voluptatum vel beatae consequatur quidem.','2003-07-30'),(62,33,0,'1693',1,'1995-02-05',4,1,'Atque aperiam sit libero modi quasi aut facilis. Sed amet deserunt et placeat consequatur velit. Vol',0,'2013-08-19','Unde beatae recusandae est maiores eius debitis ea. Praesentium doloremque qui mollitia at quia. Consequuntur aliquam ut dolorem explicabo qui. Voluptatem at consequatur quae quos quia quasi debitis.','1977-03-08'),(63,24,0,'1694',2,'2001-10-13',6,0,'Dicta dicta eligendi non alias natus pariatur quas. Ipsam nihil et dolor et amet consequatur. Numqua',1,'1976-06-27','Laudantium amet dolorum illum amet provident doloremque ut. Ut eveniet veritatis hic quisquam dolores. Soluta facere sed ut et expedita voluptatum ad. Vero id quia ad excepturi facilis.','2007-08-14'),(64,82,1,'1719',3,'2005-04-12',5,1,'Voluptatibus qui nihil culpa ut excepturi. Et et beatae amet soluta dolores.',5,'1998-04-24','Nihil debitis laboriosam voluptatem modi beatae quia. Consequatur inventore consectetur quo possimus. Esse est fugit soluta nisi at veritatis id. Esse vero ratione animi quam et aut quod.','2005-08-13'),(65,30,0,'1736',1,'1997-04-16',5,1,'Rem eligendi laboriosam dolor veniam ut. Modi dolorem et corrupti sapiente illo accusantium dolor et',0,'1992-05-31','Culpa nam est quod. Unde sunt labore voluptas aut fugiat ipsum beatae ipsam. Consectetur molestiae voluptatum aliquam aliquid omnis.','1984-03-22'),(66,65,1,'1745',8,'2000-08-08',2,0,'Sed minima illum aut suscipit non quo. Id neque sed aut soluta et.',7,'1994-09-23','Aliquam et eius temporibus laudantium nihil. Similique sit similique illum quia.','2004-05-10'),(67,39,0,'1756',8,'2004-10-08',1,1,'Nisi assumenda occaecati et accusantium non voluptatem. Est molestias nobis ipsum labore rerum ullam',2,'2015-08-07','Asperiores quis id consequuntur qui autem. Molestiae quis omnis inventore ab qui nisi quae. Quia totam architecto ut non et.','1973-05-12'),(68,16,1,'1792',7,'2008-05-30',4,0,'Alias eveniet aspernatur sequi qui facere a cupiditate. Odit odio molestiae et. Architecto quis aper',0,'1973-07-30','Et natus quisquam saepe eligendi. Harum recusandae reiciendis consequatur aliquam blanditiis recusandae. Non ut quae et occaecati debitis iste ut. Soluta est rerum commodi sit voluptas minus.','2002-09-05'),(69,64,1,'1812',2,'1983-01-09',3,1,'Atque fugit aut vel sapiente dolores rerum ea nam. Voluptates molestiae numquam accusamus dolorem co',0,'2009-04-30','Eaque natus a qui repudiandae. At labore facere aut laboriosam. Molestias animi possimus dicta odio est.','1990-05-17'),(70,88,1,'1820',2,'1978-07-18',1,0,'Suscipit repellat inventore hic qui. Dolorem odio adipisci incidunt fugiat voluptatum quibusdam. Qui',3,'2007-06-19','Est mollitia et aut est ut. Labore libero dolor voluptatem nihil. Illum recusandae nulla amet et.','1988-08-09'),(71,4,0,'1885',5,'2015-05-10',0,1,'In dignissimos qui et maiores. Totam accusamus asperiores sint sunt. Itaque voluptatem iure voluptat',6,'2009-09-19','Inventore cumque delectus et officia. Nam recusandae placeat veniam illum. Sit animi soluta ex sit.','2003-12-24'),(72,44,0,'1912',5,'1970-09-22',0,0,'Exercitationem et voluptas fugit iste amet et. Architecto vitae deserunt corporis. Nobis hic non vol',9,'1981-04-04','Cupiditate amet ipsa nobis reiciendis molestiae dolor. Eos ut dignissimos at itaque nobis quaerat et. Repellendus itaque voluptas et consequatur. Qui est saepe ipsum quae in velit velit.','2019-03-12'),(73,5,1,'1927',2,'2004-06-17',0,1,'Rerum quasi doloremque aut ratione tenetur. Similique similique aliquam dolorem. Perspiciatis et nob',1,'2008-04-02','Velit dolor ullam nemo sunt doloremque. Suscipit nemo eius porro quos. Placeat autem et sed ut aut voluptas. Tempore dolorem illo et eos modi provident.','2003-07-08'),(74,97,1,'1962',3,'1972-05-21',6,0,'Voluptatem optio facere consequatur maiores neque tempore doloremque. Officiis minima laudantium omn',6,'2010-01-02','Sunt sit tempore quo eligendi quo. Consequatur quia incidunt dolore aut et. Totam aliquam nihil at non. Dolores dolor ipsa mollitia rerum quo.','1993-05-03'),(75,7,1,'1963',0,'1984-01-03',8,1,'Rerum ipsum inventore eius qui expedita iure. Maiores saepe cumque ratione. Et ut ea esse magnam et.',2,'2010-01-31','Est beatae molestiae voluptates nobis. Quis voluptatem debitis earum. Ducimus velit atque aut. Ducimus omnis provident commodi quibusdam.','1971-06-07'),(76,46,0,'1996',2,'2018-02-18',4,0,'Harum ad voluptate in sit et velit eveniet ut. Id eligendi dolorem laboriosam assumenda quia dolor d',2,'1978-06-15','Officia accusamus quasi enim sit saepe. Dolorem ipsum qui dicta sunt in earum. Similique quasi eaque odit quis vero vel.','2001-12-31'),(77,77,1,'2000',5,'2013-06-11',5,1,'Ratione voluptatem nostrum qui. Quis hic aut facere itaque quae deleniti. Animi quos laborum ab rem ',7,'2004-06-09','Reiciendis nulla dolore ipsum cupiditate culpa aliquid nobis. Eos nihil et necessitatibus vitae iusto amet. Qui libero sapiente sunt ad autem. Molestiae accusantium eaque vel odit praesentium.','1993-09-30'),(78,13,0,'2011',0,'1990-11-13',4,0,'Et consequatur perferendis vero eum culpa. Magnam consequatur sed qui neque. Magnam et nesciunt face',6,'1979-10-27','Nulla qui aut eligendi ad aut. Accusantium id et et aspernatur eum dolores. Et in consequatur vel.','2005-02-21'),(79,1001,0,null,7,'2016-01-08',6,1,'Voluptatibus similique consequatur sint qui. Quos architecto reprehenderit voluptas beatae maiores q',3,'2004-07-20','Quasi vero qui praesentium blanditiis odio quaerat repudiandae. Ducimus vitae facere molestiae blanditiis. Delectus minima deleniti ipsam illo. Illum minus qui ut omnis officiis odio quo.','2019-06-19');
INSERT INTO depositos_presupuesto VALUES (1,'1045'),(2,'1046'),(3,'1047'),(4,'1049'),(5,'1050'),(6,'1052'),(7,'1053'),(8,'1071'),(9,'1088'),(10,'1089'),(11,'1094'),(12,'1118'),(13,'1126'),(14,'1133'),(15,'1136'),(16,'1146'),(17,'1166'),(18,'1169'),(19,'1181'),(20,'1184'),(21,'1190'),(22,'1201'),(23,'1204'),(24,'1211'),(25,'1224'),(26,'1226'),(27,'1233'),(28,'1240'),(29,'1248'),(30,'1259'),(31,'1267'),(32,'1289'),(33,'1292'),(34,'1294'),(35,'1301'),(36,'1302'),(37,'1309'),(38,'1315'),(39,'1317'),(40,'1318'),(41,'1333'),(42,'1349'),(43,'1350'),(44,'1366'),(45,'1368'),(46,'1371'),(47,'1376'),(48,'1403'),(49,'1415'),(50,'1422');
INSERT INTO facturas VALUES (1,'1045',1),(2,'1046',2),(3,'1047',3),(4,'1049',4),(5,'1050',5),(6,'1052',6),(7,'1053',7),(8,'1071',8),(9,'1088',9),(10,'1089',10),(11,'1094',11),(12,'1118',12),(13,'1126',13),(14,'1133',14),(15,'1136',15),(16,'1146',16),(17,'1166',17),(18,'1169',18),(19,'1181',19),(20,'1184',20),(21,'1190',21),(22,'1201',22),(23,'1204',23),(24,'1211',24),(25,'1224',25),(26,'1226',26),(27,'1233',27),(28,'1240',28),(29,'1248',29),(30,'1259',30),(31,'1267',31),(32,'1289',32),(33,'1292',33),(34,'1294',34),(35,'1301',35),(36,'1302',36),(37,'1309',37),(38,'1315',38),(39,'1317',39),(40,'1318',40),(41,'1333',41),(42,'1349',42),(43,'1350',43),(44,'1366',44),(45,'1368',45),(46,'1371',46),(47,'1376',47),(48,'1403',48),(49,'1415',49),(50,'1422',50);
INSERT INTO pagos_presupuesto VALUES (1,'1045'),(2,'1046'),(3,'1047'),(4,'1049'),(5,'1050'),(6,'1052'),(7,'1053'),(8,'1071'),(9,'1088'),(10,'1089'),(11,'1094'),(12,'1118'),(13,'1126'),(14,'1133'),(15,'1136'),(16,'1146'),(17,'1166'),(18,'1169'),(19,'1181'),(20,'1184'),(21,'1190'),(22,'1201'),(23,'1204'),(24,'1211'),(25,'1224'),(26,'1226'),(27,'1233'),(28,'1240'),(29,'1248'),(30,'1259'),(31,'1267'),(32,'1289'),(33,'1292'),(34,'1294'),(35,'1301'),(36,'1302'),(37,'1309'),(38,'1315'),(39,'1317'),(40,'1318'),(41,'1333'),(42,'1349'),(43,'1350'),(44,'1366'),(45,'1368'),(46,'1371'),(47,'1376'),(48,'1403'),(49,'1415'),(50,'1422');
INSERT INTO desgloce_ppto_presupuesto VALUES (1,'1045'),(2,'1046'),(3,'1047'),(4,'1049'),(5,'1050'),(6,'1052'),(7,'1053'),(8,'1071'),(9,'1088'),(10,'1089'),(11,'1094'),(12,'1118'),(13,'1126'),(14,'1133'),(15,'1136'),(16,'1146'),(17,'1166'),(18,'1169'),(19,'1181'),(20,'1184'),(21,'1190'),(22,'1201'),(23,'1204'),(24,'1211'),(25,'1224'),(26,'1226'),(27,'1233'),(28,'1240'),(29,'1248'),(30,'1259'),(31,'1267'),(32,'1289'),(33,'1292'),(34,'1294'),(35,'1301'),(36,'1302'),(37,'1309'),(38,'1315'),(39,'1317'),(40,'1318'),(41,'1333'),(42,'1349'),(43,'1350'),(44,'1366'),(45,'1368'),(46,'1371'),(47,'1376'),(48,'1403'),(49,'1415'),(50,'1422'),(51,'1437'),(52,'1459'),(53,'1474'),(54,'1487'),(55,'1489'),(56,'1492'),(57,'1505'),(58,'1507'),(59,'1519'),(60,'1525'),(61,'1532'),(62,'1533'),(63,'1536'),(64,'1568'),(65,'1587'),(66,'1620'),(67,'1621'),(68,'1643'),(69,'1649'),(70,'1664'),(71,'1671'),(72,'1679'),(73,'1693'),(74,'1694'),(75,'1719'),(76,'1736'),(77,'1745'),(78,'1756'),(79,'1783'),(80,'1786'),(81,'1790'),(82,'1792'),(83,'1812'),(84,'1820'),(85,'1836'),(86,'1848'),(87,'1879'),(88,'1885'),(89,'1897'),(90,'1907'),(91,'1912'),(92,'1921'),(93,'1927'),(94,'1962'),(95,'1963'),(96,'1974'),(97,'1996'),(98,'2000'),(99,'2011'),(100,'2015');
INSERT INTO depositos VALUES (1,1,'2003-11-17','delectus',0.00,'Debitis totam autem nostrum omnis minus enim. Quia mollitia rerum consequatur rem provident est dolorem. Eos libero et accusantium sed. Asperiores quibusdam sunt magnam exercitationem.','Hessel-Lebsack','honorario'),(2,2,'1970-02-19','maxime',3142386.50,'Minima aut consequatur excepturi necessitatibus. Quod eligendi praesentium eaque saepe ut. Voluptatum est omnis doloremque dignissimos odio. Ut eum ut ratione quis.','Kshlerin Ltd','honorario'),(3,3,'2016-09-17','rerum',13922.38,'Illum deleniti praesentium autem optio. Est nulla neque est hic qui quia ea laudantium. Eos nesciunt hic velit aut veritatis rem. Veniam consectetur ex adipisci harum illum quae maiores sit.','Steuber, Fritsch and Cole','honorario'),(4,4,'1971-09-26','vitae',1.74,'Molestiae labore eum eaque quia praesentium aut. Assumenda expedita libero sint laborum mollitia numquam amet. Eaque sit rerum ullam itaque. Aut sit consequatur est ex.','Harber Group','honorario'),(5,5,'2019-12-25','sapiente',0.04,'Quo minima laudantium minus et alias. Aut eveniet est quis inventore. Veritatis quo fuga et eaque placeat iste.','Kreiger, DuBuque and Jacobs','honorario'),(6,6,'2000-10-19','est',775.10,'Ipsum quos non eligendi inventore iste dolorem delectus et. Similique nostrum in dolor aperiam in velit. Veritatis dolorem consequuntur consequatur ratione architecto dolorem ratione.','Boehm and Sons','impuestos'),(7,7,'2001-12-01','nisi',27967382.22,'Sunt ut ipsam iure odit. Eius dolore quisquam laborum facere quidem repellat impedit. Ea corporis aperiam ullam sit vero voluptate. Suscipit ipsam voluptatem cupiditate sit sit.','Hauck, Kertzmann and Sipes','impuestos'),(8,8,'1990-12-14','quo',3.09,'Ratione provident sequi ex. Vel aliquam voluptatibus quia. Quis non ut natus sit quia aspernatur. Enim quas necessitatibus consectetur explicabo provident et.','Rosenbaum LLC','honorario'),(9,9,'1974-02-26','eos',1.61,'Quos officia voluptates et sed nobis magni. Reiciendis accusantium quia quia iure. Vero totam adipisci enim cupiditate quia id.','Dach, Koss and Hintz','impuestos'),(10,10,'2002-09-05','qui',16575796.18,'Quia aut voluptatem eum quo. Eum eveniet impedit dolor et. Similique sint repellendus quaerat excepturi quibusdam. Aut iusto soluta omnis veniam ut pariatur.','Erdman Inc','honorario'),(11,11,'1980-04-29','quaerat',92231973.56,'Et quod itaque ut quam magni qui laudantium. Rerum occaecati ea maxime nemo. Delectus autem odio in blanditiis saepe. Ex unde aliquid voluptatem velit aut totam.','Marquardt, Franecki and Rempel','honorario'),(12,12,'1978-03-31','eligendi',99999999.99,'Et libero voluptas magnam consequatur fugit minus non. Illo soluta aliquam beatae quidem optio. Molestias at voluptatum consectetur cupiditate.','Dooley Ltd','impuestos'),(13,13,'1988-10-14','qui',383.98,'Ipsa et et dignissimos aut nesciunt necessitatibus. Reiciendis atque cumque earum cupiditate deleniti amet. Impedit consequuntur qui hic enim inventore qui.','Auer, Kuhlman and Kling','honorario'),(14,14,'2012-07-29','quisquam',31343.27,'Nesciunt non enim culpa eum quo a odit qui. Dignissimos ipsam aspernatur libero et enim. Ut et quia rem est. Numquam dolorem ut voluptas nulla eum.','Wehner-Johns','impuestos'),(15,15,'1998-01-03','nulla',99999999.99,'Consequatur veritatis quidem voluptatem non. Sint similique et sunt dignissimos dolor eum omnis nihil. Voluptatem quis esse voluptatem vel corrupti.','Mante Group','impuestos'),(16,16,'1970-10-31','vel',99999999.99,'Porro aliquam quia sed voluptate. Officia dolorem quam odit dignissimos sed repellendus.','Nikolaus, Bashirian and Ruecker','honorario'),(17,17,'1972-12-30','enim',2918.04,'Sint ipsa exercitationem qui molestias sed sit. Tempora dicta voluptate suscipit veniam quam expedita dolore. Vel architecto possimus maiores quia quia accusantium rerum.','Kertzmann, Harris and Nienow','impuestos'),(18,18,'1986-05-02','magni',99999999.99,'Eveniet suscipit animi laborum aliquid voluptates aspernatur. Fuga tenetur debitis omnis doloremque aut. Sapiente distinctio excepturi quam harum rerum.','Nitzsche-Schaefer','honorario'),(19,19,'1979-04-11','tempora',7.61,'Velit tenetur sunt dolor. Aut voluptas neque voluptate. Magni similique natus fugiat dignissimos excepturi molestias autem.','Hand, Torphy and Ankunding','honorario'),(20,20,'2020-11-20','possimus',0.83,'Autem quia vitae iure. Dolorem dolorem laboriosam excepturi nulla et ea. Non cum in dolorum nobis id praesentium. Sunt atque alias est ea itaque distinctio quia esse.','Weissnat PLC','honorario'),(21,21,'1992-05-29','aspernatur',2.30,'Sed voluptatem vel sapiente aliquam quasi consequatur possimus. Corrupti veritatis quis quod facere voluptatem nisi omnis quo. Libero officia enim quos atque.','Pacocha and Sons','honorario'),(22,22,'1986-07-23','vero',375009.00,'Hic fuga rerum dolores corporis earum maxime asperiores assumenda. Recusandae aliquam quis consequatur fugit assumenda tempora dignissimos et. Inventore labore rerum molestiae qui.','Koss, Grant and Schaefer','impuestos'),(23,23,'2000-08-21','vel',2644.83,'Aperiam voluptatum non modi et quas debitis molestias adipisci. Asperiores veniam qui eaque accusamus labore fugit iure. Sint et aut qui molestias illo.','West Group','honorario'),(24,24,'2019-12-29','animi',75390070.55,'Voluptatem sint veniam mollitia quidem qui adipisci quisquam. Culpa sunt harum consequatur quod dolorem. Quibusdam pariatur sint ipsa cum ea placeat.','Torp-Zulauf','impuestos'),(25,25,'2016-02-16','ut',29430690.36,'Ut quo eum et et. Aliquam nostrum consequuntur cum similique nemo qui dolorem vitae. Dolorem rerum nam explicabo sint rerum neque voluptate. Laborum officia commodi ea qui ea.','Ortiz-Jaskolski','honorario'),(26,26,'2011-08-26','expedita',15.70,'Possimus neque vitae explicabo omnis tempore magni quidem. Consequatur voluptatem voluptatibus vitae nostrum excepturi. Quis a magni suscipit dolor accusantium ut. Sint qui et explicabo et minima.','Veum-Aufderhar','honorario'),(27,27,'2002-03-09','numquam',264307.31,'Et fuga harum qui laudantium nesciunt quas. Quaerat aliquam rem omnis. Praesentium repellat quia dicta voluptatem.','Lueilwitz, Mitchell and Braun','impuestos'),(28,28,'2005-08-10','repudiandae',6878823.00,'Ex vel totam sunt et. Quis vel numquam quo corporis esse exercitationem voluptatibus. Quis quis et vel veniam. Quia eum qui facere.','Barton, Nolan and Fay','impuestos'),(29,29,'2001-07-26','voluptatibus',0.00,'Excepturi itaque sint ipsam at et dolorem. Hic laboriosam sed laborum minus dicta tenetur nemo ipsum. Suscipit dolor facere ex dolor.','Mitchell-Mante','impuestos'),(30,30,'1997-10-04','non',45871669.70,'Aut et sapiente voluptatem libero. Exercitationem eveniet iusto ut cupiditate. Qui consectetur minus at voluptates odit sed.','Morissette, Mertz and Ziemann','impuestos'),(31,31,'2006-01-09','odit',99999999.99,'Aut quo eos aut nobis. Quam facilis est facilis ea. Voluptatem adipisci non quia.','Effertz-Willms','impuestos'),(32,32,'1994-01-12','a',56.90,'Ipsam libero et voluptatem consequatur eligendi. Velit vel et vero aut hic necessitatibus. Cupiditate consectetur in qui reprehenderit exercitationem dolorem architecto.','Kihn, Parisian and Greenholt','honorario'),(33,33,'1981-11-04','officiis',99999999.99,'Ut est culpa expedita eos error adipisci dolorum. Quia nisi ex architecto. Ducimus qui officia animi nulla doloribus assumenda sit.','Schmidt, Bayer and Lang','impuestos'),(34,34,'2000-12-05','qui',13038902.29,'Culpa et est officiis quas veritatis sit. Est autem quas similique enim eaque totam ut. Ut voluptates at similique similique sint.','Hintz Ltd','honorario'),(35,35,'1982-01-26','reiciendis',212.97,'Voluptatem aperiam dolores ea voluptate iste. Explicabo omnis reiciendis qui explicabo eaque vel aliquam. Praesentium nostrum rerum et atque architecto consequatur.','Schinner, Tillman and Steuber','impuestos'),(36,36,'2021-12-27','et',3297.30,'Maxime voluptatem natus quidem sapiente. Nihil et reprehenderit pariatur. Suscipit quia magni cumque iste ea aut illo. Accusamus nihil dolorem quia enim ratione eos cumque quam.','Greenholt LLC','impuestos'),(37,37,'2020-05-16','non',2.80,'Voluptas possimus ab veniam molestiae nobis molestiae. Delectus molestiae nesciunt quos explicabo eius et. Veniam modi saepe ullam qui aut.','Lockman, Funk and Kris','honorario'),(38,38,'2022-06-06','ducimus',489339.13,'Quasi ipsa sint ullam aliquid in. Rerum ab et facilis eius beatae voluptatem ut. Non neque neque consequuntur ex occaecati aperiam.','Hintz-Daniel','honorario'),(39,39,'2013-04-30','rem',23.68,'Commodi est nostrum dolorem officiis. Commodi nihil deleniti non. At reprehenderit commodi voluptatem quasi.','Boyle Inc','impuestos'),(40,40,'2002-01-21','ut',100480.60,'Ea aut aut deleniti non enim possimus ut. Repudiandae perferendis sint consequatur dolorem exercitationem ipsa. In assumenda sit labore.\nNesciunt molestiae culpa harum ea. Soluta esse quibusdam quia.','McClure-Ratke','impuestos'),(41,41,'2008-06-16','aperiam',31315601.54,'Quae consequatur occaecati laboriosam blanditiis quidem suscipit. Deleniti doloremque autem tempora commodi voluptas molestiae necessitatibus. Soluta et ducimus dolorum nihil aut illo.','Koelpin Group','impuestos'),(42,42,'2007-01-28','et',0.00,'Asperiores ad quas doloribus enim. Tempora eos quod non quae accusamus. Nam cumque non eveniet dolorum.','Herzog, Haag and Reichert','honorario'),(43,43,'2011-01-30','delectus',4.15,'Voluptatibus et aut ipsam laudantium reiciendis tenetur error. Ea fugiat et eum aperiam molestiae quaerat. Eum et eligendi voluptas. Laborum non eius earum dignissimos.','Torphy Group','impuestos'),(44,44,'1970-09-23','fugiat',1275942.24,'Aspernatur mollitia in sunt maxime quod est. Sapiente voluptate velit quo ad amet provident. Quia reiciendis aut suscipit dolore doloremque. Omnis cum quidem itaque ducimus.','Lang-Stark','impuestos'),(45,45,'2000-01-20','reiciendis',0.38,'Libero fugit recusandae minima quia facilis. Voluptatem nemo modi voluptatibus eligendi ab. Aut libero libero a ex quia quod inventore. Soluta autem quia excepturi praesentium.','Donnelly Inc','impuestos'),(46,46,'1986-09-01','quisquam',0.00,'Repellat quasi eum itaque illum non. Ab asperiores illum quasi non et sed quis asperiores. Cupiditate sed aut porro esse voluptatibus fugiat et.','Langworth-Collins','honorario'),(47,47,'2006-10-05','impedit',3010476.29,'Accusantium et aut facere et voluptatem in sed. Nihil omnis doloribus et error magnam accusantium. Debitis praesentium aperiam iste consequatur dolor architecto distinctio.','Franecki and Sons','honorario'),(48,48,'2014-11-27','alias',546.80,'Omnis aut dolorem itaque quia. Alias blanditiis saepe itaque ea. Voluptas odio quidem soluta soluta quo et. Eveniet explicabo nulla odit non sint debitis ea.','Murray, Monahan and Denesik','honorario'),(49,49,'2002-03-07','qui',83379.89,'Praesentium et debitis facere voluptate et sit eius. Consequatur in impedit perspiciatis aspernatur eum quia ullam. Expedita ab fugit corrupti qui.','Thiel-Zulauf','honorario'),(50,50,'2020-06-25','commodi',1.92,'Modi quasi adipisci non earum aperiam animi eveniet incidunt. Quod quia quas fugit dolorum nihil. Minima soluta dolore expedita et ut est velit deleniti. Et quo temporibus consequatur.','Stark, Gerhold and Schinner','honorario'),(51,1,'1972-11-05','sunt',51.41,'Sint voluptatem eius et sint vitae officiis nam. Iste sed deleniti debitis eligendi. Voluptatem ipsum perspiciatis et dolores maiores quae. Reiciendis qui similique iusto fugit ut amet.','Schroeder, Kreiger and Haley','honorario'),(52,2,'2014-01-10','sed',99999999.99,'Expedita maiores maxime dolorem minima sint et. Nihil atque vel velit cum culpa architecto illo. Aut consequatur eum enim voluptatem hic ut. Neque qui temporibus voluptate velit placeat placeat.','Schultz, Conn and Stracke','honorario'),(53,3,'2008-12-27','debitis',972490.25,'Et animi ullam omnis quos. Commodi rerum et similique perspiciatis ratione. Aut ut cum est molestiae vel eius.','Schneider Ltd','impuestos'),(54,4,'1983-05-04','pariatur',17211661.40,'Et quidem eaque quibusdam sed quisquam qui id. Eligendi consectetur sint explicabo voluptate quidem. Laborum ut rerum molestiae aut qui. Exercitationem velit ut pariatur ut perferendis eos.','Lebsack, Armstrong and Olson','impuestos'),(55,5,'1970-06-21','accusamus',4.00,'Qui vero distinctio fugit commodi minus officiis. A veritatis iusto dicta sint. Quae labore dolores optio voluptas qui voluptatibus architecto. Porro odio a non id omnis.','Beer-Wunsch','honorario'),(56,6,'1971-11-14','quibusdam',3783.25,'Nobis aut doloribus aut fugiat tempora et pariatur. Rerum quisquam aut vel ea rem. Vero non et qui distinctio voluptatem rerum voluptatibus. Explicabo quod quia et modi pariatur debitis sit.','Brekke Ltd','impuestos'),(57,7,'1989-03-02','voluptatum',22941961.72,'Est nihil quas expedita aut. Nihil id dolorem iste qui. Quo nam non consequatur et aut. Iste deleniti voluptatem soluta aspernatur provident iusto officiis.','Littel-Casper','honorario'),(58,8,'1979-06-23','fuga',55.70,'Placeat ut fugit dolor eaque id. Qui fugit magni incidunt id autem dolorum. Sed id est quis beatae ut ullam.','Sanford Ltd','impuestos'),(59,9,'1980-02-22','voluptate',55825.90,'Et autem in est soluta sapiente. Dolores aliquam enim doloribus ut laudantium. Nihil molestiae ea sed iusto.','Jaskolski-Crona','impuestos'),(60,10,'1995-07-21','error',606090.59,'Error aperiam asperiores ad repudiandae sed soluta veniam nostrum. Perferendis doloribus alias quae rem soluta voluptatem amet veniam. Tenetur perspiciatis possimus dolores maiores non.','Rice Group','honorario'),(61,11,'2019-06-29','debitis',125932.22,'Dolores beatae enim laborum aut suscipit. Architecto cumque qui est consectetur et vero culpa. Voluptatem rerum officiis in possimus qui praesentium. Eveniet labore totam ut amet voluptatum modi.','Ferry, Lemke and Schaefer','honorario'),(62,12,'2010-01-29','aut',5554383.82,'Voluptatibus iusto doloribus consequatur reiciendis excepturi unde quam aut. Hic neque ipsum est omnis adipisci labore. In natus alias provident et saepe.','Sawayn, Cassin and Leuschke','honorario'),(63,13,'2017-04-18','quas',6825.81,'Natus excepturi debitis reiciendis fugit at quidem. Accusamus nihil voluptatum aut ipsum commodi veniam. Reiciendis explicabo optio neque inventore deserunt est eum autem.','Sauer, Zieme and Mraz','impuestos'),(64,14,'2013-03-06','esse',590759.00,'Sint atque aut voluptate. Neque iste sed consequuntur deserunt. Deleniti amet nam maiores quo aspernatur qui.\nDolorum expedita ratione quo velit quos voluptatem. Eum eum qui amet enim autem tempore.','Kling Group','impuestos'),(65,15,'1993-04-27','ut',39927.20,'Ipsam esse voluptas qui earum. Maiores aut laborum reprehenderit. Ut commodi ut fugit qui pariatur.','Raynor-Mertz','impuestos'),(66,16,'1988-05-28','doloremque',2197313.00,'Velit error asperiores necessitatibus minima est suscipit. Architecto ut praesentium aut soluta sint unde non. Error iste reiciendis assumenda aut quisquam cumque.','Reichel PLC','impuestos'),(67,17,'2007-09-16','neque',30.67,'Fuga quam nisi quia. Velit natus soluta alias laudantium quo sunt. Dolores et et sunt porro quam impedit.','Heathcote, Reichel and Hagenes','honorario'),(68,18,'1991-07-23','nam',25441935.86,'Atque quo natus error voluptates velit perspiciatis. Illo magnam et eveniet quia voluptatem voluptate sunt. Unde et deserunt neque autem eveniet in distinctio et.','McDermott-VonRueden','honorario'),(69,19,'2021-12-02','praesentium',686550.03,'Laborum modi vitae qui labore quia et. Est pariatur velit praesentium rerum maiores.','Brown LLC','honorario'),(70,20,'2006-08-19','corporis',1.51,'Voluptatem soluta fugiat amet saepe dolorem. Cum et necessitatibus doloribus nobis iusto autem natus ducimus. Eligendi consequatur eveniet explicabo nobis autem quaerat.','Dibbert-Howell','impuestos'),(71,21,'1996-04-25','sint',2063.26,'Vero et dignissimos et expedita. Est dolorem porro nisi molestiae natus sint sapiente. Dolorem consequatur officiis et odio.','Padberg Ltd','honorario'),(72,22,'1992-11-04','perferendis',76465464.00,'Accusamus amet voluptates in dolores cum ullam. Pariatur ad consectetur ad. Consequatur explicabo totam doloribus magnam ipsum iste. Sapiente quia aperiam nam culpa omnis dolorum commodi aperiam.','Larson-Kuvalis','impuestos'),(73,23,'2007-11-22','architecto',1.90,'Est temporibus rerum ratione maiores vitae ut quo praesentium. Nam eum voluptatibus et magnam. Voluptas molestias distinctio et quis dolore voluptatem id.','Stiedemann-Russel','impuestos'),(74,24,'1991-05-31','iure',37041804.00,'Est minima impedit natus. Sequi eligendi est eos rerum. Perferendis et deleniti et nihil ipsam autem.','Price-Larkin','impuestos'),(75,25,'2005-12-14','corporis',58.46,'Et et ut temporibus aut et. Beatae accusantium libero harum reprehenderit doloribus. Et sunt asperiores in eveniet molestias. Accusamus velit nihil animi.','Greenfelder-Ryan','honorario'),(76,26,'2017-02-12','aliquam',205.22,'Harum recusandae at veniam numquam. Et nesciunt qui eaque tempore voluptatem. Dolore culpa perferendis qui. Ullam repellat et suscipit cumque dignissimos excepturi culpa.','Stehr-Hegmann','honorario'),(77,27,'2002-01-06','qui',14856.50,'Ipsam molestiae qui consequatur minus sunt eum. Consequuntur aut rerum et et cum rerum excepturi. Voluptas est dignissimos amet delectus.','Moen Group','honorario'),(78,28,'2006-08-11','sunt',6.80,'Temporibus non corrupti aut. Iure nostrum tenetur distinctio ducimus et illum. Reprehenderit quia sint harum ipsam. Nemo cupiditate consequatur reprehenderit reiciendis.','Sporer, Williamson and Keeling','impuestos'),(79,29,'1986-04-21','officiis',23514306.30,'Pariatur quo similique fuga saepe. Voluptatibus expedita assumenda accusantium molestias sapiente mollitia aut. Ipsum et ab placeat ducimus.','Batz, Strosin and Daniel','honorario'),(80,30,'2018-11-16','et',6.84,'Amet recusandae eaque quo non minima. Minima ad tempore voluptatum quisquam. Vero sed dolorem voluptas. Quaerat ut delectus qui ut. Cumque excepturi et labore quo at omnis ut.','Goodwin-Grady','impuestos'),(81,31,'1991-07-26','expedita',2.83,'Est aut quo aut provident aut consequatur. Voluptas et accusantium soluta modi nisi voluptas. Minus officiis sed aliquam sint aspernatur incidunt. In nobis soluta quae ut tenetur qui sed.','Zieme Inc','impuestos'),(82,32,'1990-09-27','nam',37298224.00,'Earum et expedita vero sed excepturi. Laborum qui vero sed et quisquam vitae. Id et aliquam consequatur debitis earum error. In voluptate nihil rem quidem.','Blick Group','impuestos'),(83,33,'2010-02-15','praesentium',0.00,'Voluptatem quia quidem aut est quidem molestiae et. Veniam in facere quaerat numquam facilis magnam. Voluptate eveniet nihil eaque quo sit.','Ratke Ltd','honorario'),(84,34,'1971-03-23','quam',0.00,'Inventore numquam quibusdam dolorem asperiores. Laudantium officia ratione aut quasi pariatur explicabo corporis. Quas consequatur odit consequatur placeat. Voluptate officia et at.','Armstrong-Lang','honorario'),(85,35,'1984-10-02','libero',9755543.15,'Omnis tempore totam nisi et delectus animi quaerat. Distinctio ad aut illum qui.','Greenfelder, Collier and Davis','impuestos'),(86,36,'1987-10-25','modi',2.70,'Eaque pariatur deserunt laudantium qui. Magni non cum atque vel. Tenetur minima cupiditate quos est voluptas dolor quas non. Maxime quasi voluptatem minima.','Pouros, Huel and O\'Keefe','honorario'),(87,37,'1997-08-29','velit',12912.70,'Voluptatem excepturi repudiandae doloremque nemo quia. Consequatur neque dolores sit ut. Sunt aut dolores dolor harum vero veniam. Praesentium tempora libero distinctio maxime.','Schinner-Terry','impuestos'),(88,38,'1993-04-26','deleniti',646683.92,'Illo impedit temporibus consequuntur in sequi. Corporis alias eos nihil qui. Non facere aut et. Sit qui officia quisquam.','Bins, Konopelski and Hintz','impuestos'),(89,39,'1978-08-09','ipsam',1038834.65,'Consequuntur aperiam dolor vitae dolore tempora minus qui. Ea odio consequatur dignissimos et aut. Dolorum qui rem voluptatibus expedita suscipit sapiente.','Durgan, Kreiger and Littel','honorario'),(90,40,'1972-10-02','ea',147579.82,'Porro velit id rerum soluta. Ad voluptas vel sed pariatur dolores dolor rerum. Veniam sit blanditiis eaque eligendi.','Smitham, Howell and Pagac','impuestos'),(91,41,'1989-07-30','impedit',861597.88,'Aliquid ut porro ab porro nam. Nesciunt molestiae sapiente earum dolor ducimus qui. Consequatur et quia quaerat tempore quam sint.','McLaughlin-Robel','honorario'),(92,42,'1996-06-06','ut',5061.81,'Et officia nostrum iste illum. Nam laborum aut nemo. Architecto tempora rerum qui rerum doloremque eos tenetur repellat.','Koss and Sons','honorario'),(93,43,'2016-12-06','ullam',44103045.76,'Temporibus corrupti sint voluptatem nemo. Dolores maiores ea et suscipit quod. Sapiente sequi eos magni quo culpa tempore cupiditate.','Schinner-Hoeger','honorario'),(94,44,'2021-01-22','consectetur',1460.63,'Ratione rerum voluptas fugiat. Minima et et ut neque laudantium quibusdam. Autem et est mollitia deleniti minus natus id. Libero saepe aliquam perferendis voluptas perspiciatis aut.','Greenholt PLC','honorario'),(95,45,'1970-03-13','iure',1526.64,'Inventore labore maxime natus consequatur nihil id. Quia rem ratione provident similique magnam. Sequi quas et quasi veniam atque. Expedita ex explicabo quisquam.','Schaden, O\'Conner and Kuvalis','impuestos'),(96,46,'1976-01-14','libero',0.00,'Hic non quia vel quas dignissimos illum. Cupiditate rerum fuga est vero consequatur et ut. At illum quos eius.\nEaque fugit voluptas voluptatem. Ut veritatis est cupiditate repellat iure.','Langworth, Bogan and Aufderhar','impuestos'),(97,47,'2018-11-26','dolores',44.02,'Est vel doloribus rem. Sint ullam a blanditiis vel. Adipisci est nihil qui.\nIste autem enim non. Cum voluptas alias quam. Et repellat ut soluta et.','Collier LLC','honorario'),(98,48,'1998-11-01','id',209692.00,'Et quidem velit rem eius. Quia porro consequatur temporibus reiciendis similique consectetur. Rerum officia inventore dolor omnis soluta aut sit vel.','Bergstrom-Murray','impuestos'),(99,49,'1997-08-22','impedit',99999999.99,'Totam quis tenetur doloremque laudantium cupiditate reprehenderit autem. Ea tenetur et et autem. Provident voluptatem maiores labore accusantium modi similique.','Stiedemann-Christiansen','impuestos'),(100,50,'1987-12-20','consequatur',86545.11,'Illo eum voluptas est nisi rem nisi itaque aut. Fuga aspernatur adipisci qui asperiores voluptate ut aliquam. Ut consequatur nostrum ea nesciunt et rem aut. Ea tenetur qui eligendi optio quaerat.','Dooley Ltd','impuestos');

INSERT INTO pagos VALUES (1,1,'1970-10-12','magnam',19889142.67,'Foster','Provident molestiae nesciunt repellat voluptas occaecati modi dignissimos. Quam quo temporibus at dolorem nesciunt. Sit non assumenda natus odit.'),(2,2,'1977-04-19','totam',0.67,'Audrey','Tempora odio aliquid et sunt qui. Voluptatem neque nulla praesentium error sit. Illum similique minima dicta. In illum facere odit eaque velit.'),(3,3,'1995-09-23','quasi',9646971.70,'Abby','Id asperiores corporis tempore est nihil culpa. Quisquam nostrum porro blanditiis rerum soluta quaerat sed.'),(4,4,'1971-02-26','velit',99999999.99,'Camila','Dolor et ipsum est nobis perspiciatis. Omnis labore qui minima quis. Reiciendis similique reprehenderit hic unde id sit id. Molestias doloribus odit et dolorum hic.'),(5,5,'2004-11-26','blanditiis',155.40,'Brannon','Error quis totam aut illo animi reprehenderit. Eaque ut qui magni ipsam omnis possimus tempore.'),(6,6,'1998-12-09','ad',1956.28,'Maxime','Sapiente provident quisquam veritatis aut. A assumenda nihil et qui quo praesentium delectus. Iure cupiditate harum excepturi. Rem dolorem quas sint ipsa ullam aliquam.'),(7,7,'1974-06-29','cum',5530384.03,'Tanner','Temporibus eveniet quisquam natus porro. Quisquam voluptatem velit voluptatem et occaecati fugit. Commodi et laboriosam soluta error.'),(8,8,'1974-12-24','necessitatibus',78217899.07,'Gillian','Et aut est accusantium consequatur. Qui consequatur saepe voluptatum vero. Id aut mollitia quo maxime occaecati ad facere.'),(9,9,'1988-07-21','voluptatibus',3420222.50,'Odessa','Tempore non praesentium aperiam earum rerum et. Et accusantium velit est est fuga ea quia. Ipsum ullam porro quia et enim laborum. Quasi voluptate est dolorem quis dignissimos velit accusamus.'),(10,10,'1971-08-06','minima',99999999.99,'Mikel','Quasi voluptatum aut magnam ipsam esse provident sapiente. Doloremque quia expedita facere totam amet veritatis aut adipisci. Eaque nam in et esse ratione porro et.'),(11,11,'2018-12-07','ab',1.36,'Sunny','Eum quasi iure omnis molestiae ut sint iure. Ullam eligendi rem voluptas maxime distinctio ut. Quidem quo quisquam rerum laudantium veniam.'),(12,12,'2005-12-13','in',15083515.29,'Vivianne','Quod est aliquam ut aut officiis. Necessitatibus molestias velit qui consequatur magnam voluptate. Laborum est quia sit et voluptates dolor ut.'),(13,13,'1981-09-16','et',889668.50,'Erika','Expedita amet aperiam aut in quis. Ex quis debitis et iure et error. Nulla nulla sit ab quis. Explicabo blanditiis ad voluptas quod.'),(14,14,'1993-12-21','neque',0.00,'Geovanni','Quis adipisci enim sequi voluptate quibusdam quia. Cum consequatur error dignissimos vitae ullam assumenda nam. Et temporibus debitis quas distinctio. Doloribus modi doloribus aperiam amet.'),(15,15,'2020-05-28','officiis',2325378.02,'Scot','Similique deleniti vero magnam aliquam sint est. Qui ipsa quia autem numquam ut totam quia. Consequatur placeat labore et non et ut.'),(16,16,'1981-08-04','consequatur',7459.56,'Drew','A doloribus minus asperiores recusandae cupiditate est error veritatis. Quo cum iusto suscipit consectetur est earum numquam. Temporibus et non aliquid aut.'),(17,17,'1974-03-19','voluptas',99999999.99,'Uriel','Et reiciendis nisi nisi animi. Eos recusandae rerum molestiae voluptas eum. Recusandae odit sunt aut fugit eaque molestiae suscipit. Quidem doloremque voluptatum sapiente sequi natus.'),(18,18,'1982-06-27','nisi',38.19,'Margarita','Est dolorem aliquam ex earum odio accusantium cumque. Magnam autem nihil eum illo.'),(19,19,'1973-07-10','suscipit',2.65,'Donna','Maxime cupiditate fuga numquam et minus quod. Placeat suscipit deserunt tenetur perferendis qui ducimus voluptates. Autem harum quos iure nihil dolores dolores qui. Magni quidem consequatur vel iste.'),(20,20,'2015-10-12','ad',8.20,'Elyse','Perferendis aut et aut perspiciatis beatae necessitatibus odio. Magnam ipsum magnam ut debitis minima at. Perspiciatis quos sunt ex.'),(21,21,'2019-04-22','a',492.80,'Carleton','Odit et pariatur error non. Praesentium architecto aliquam aut mollitia. A quia delectus aut dolores ut.'),(22,22,'2000-01-09','eligendi',0.00,'Chadrick','Et sit sapiente hic sed et sunt atque. Tenetur deserunt delectus ut fuga. Voluptate eius quia laboriosam fugit doloribus. Vel animi nihil ullam in ut odio est.'),(23,23,'2022-01-25','minus',99999999.99,'Madyson','Et nulla soluta eum voluptatem aliquid tempora. Iure eos et et sint non eos dolor. Fuga vel ipsa mollitia fuga possimus et doloribus.'),(24,24,'2010-08-30','optio',8716130.35,'Vern','Molestias neque assumenda quibusdam et omnis enim. Sint animi quisquam assumenda voluptatibus consequatur repudiandae eveniet.'),(25,25,'1971-11-16','fugit',99999999.99,'Sabrina','Harum ratione facere facere consequatur. Accusamus non in rerum sed aut. Sed fuga occaecati blanditiis consequatur. Magni eveniet hic ullam ipsam.'),(26,26,'2005-05-07','ut',124940.59,'Annamarie','Recusandae voluptatibus non id dicta. Qui optio sint ut beatae. Ad harum dolor et impedit iste hic. Et et molestias velit neque odio voluptatem.'),(27,27,'2001-01-07','voluptatem',2886.00,'Veda','Qui vero eligendi autem fugit nulla. Temporibus error occaecati voluptatem quod. Consequatur accusantium et est nihil. Et molestias ut vel inventore veritatis ut molestiae.'),(28,28,'1980-04-06','qui',703.35,'Raul','Veniam sed id commodi et et id sed. Laborum non adipisci nemo eum delectus numquam. Tenetur libero non ex officiis odio neque. Itaque qui rerum dolorem odio quasi ipsum.'),(29,29,'2022-06-17','dolores',358.86,'Clara','Repudiandae atque aut velit suscipit voluptatum commodi ullam. Quaerat ratione maxime asperiores expedita. Corrupti quos velit omnis voluptas a aut ut placeat.'),(30,30,'1970-02-18','sequi',1.35,'Scarlett','Eum quis enim ex quam aperiam sapiente. Repellat praesentium officia et deserunt ab cumque doloremque velit. Quidem vero veritatis aut voluptatum est ea.'),(31,31,'1980-01-06','doloribus',0.00,'Drew','Adipisci fuga nobis perferendis tenetur quibusdam qui alias. Aut tempore itaque quibusdam est voluptatem sed aspernatur. Nihil autem commodi qui maiores doloremque assumenda ea quisquam.'),(32,32,'2001-12-31','aut',38094.96,'Clyde','Quod omnis culpa sunt commodi velit qui sint. Quod eum qui dolorem reprehenderit quia sed. Rerum architecto numquam delectus atque et veniam voluptates omnis.'),(33,33,'1977-04-25','beatae',789326.93,'Matilde','Autem et aut eum ducimus cumque. Quia velit et dolore temporibus unde consequuntur. Et repudiandae sint fugit voluptatem fugit illo.'),(34,34,'2019-11-16','enim',2677.68,'Leonor','Est nisi in nostrum ducimus. Omnis aut magnam et illum cumque optio. Enim numquam amet dolorem aut quasi et.'),(35,35,'1987-03-11','ratione',0.00,'Bennett','Eveniet sequi nostrum aut in tempora neque aut. Et deleniti ut dolorem perferendis et consequatur labore. Rem praesentium libero corporis. Facere repellat consequatur et voluptatem sit.'),(36,36,'1993-07-15','nisi',3984578.80,'Bart','Voluptas architecto quis dolorum placeat quia qui aut. Quia exercitationem maxime esse ex ad consequatur adipisci. Et culpa et illo sint.'),(37,37,'2014-10-24','assumenda',51932.30,'Krystina','Molestiae non dolor explicabo quia corporis temporibus. Nam laudantium voluptas quas. Cum est ut recusandae labore voluptate.'),(38,38,'1974-10-07','dolores',3029996.24,'Laurine','Consequatur in quasi ea ut. Consequuntur alias excepturi sit incidunt voluptatum dolorum quisquam. Omnis similique enim accusamus. Explicabo non non laudantium suscipit.'),(39,39,'2022-10-04','numquam',4.62,'Diego','Cupiditate hic quos eaque fugiat. Laboriosam reprehenderit molestiae delectus. Dolor aperiam et ut et laborum perferendis tenetur. Et exercitationem sunt cumque et qui repellendus dolorem.'),(40,40,'2016-07-25','qui',0.00,'Fern','Perspiciatis est aliquam ut rerum. Ut vitae a eius non odio. Sed quos unde tenetur culpa sunt. Porro velit omnis voluptas illum sit qui et.'),(41,41,'2017-09-21','voluptas',4098.35,'Leon','Quidem cumque accusantium ex et corporis voluptas velit. Est ut et voluptas voluptatem vitae rerum quo. Ab occaecati quia repudiandae tenetur in.'),(42,42,'2018-10-23','occaecati',41.81,'Oswaldo','Rerum rerum aut omnis illo. Incidunt qui minus saepe deleniti. Dolor deleniti rerum quo. Aut quia commodi est inventore. Itaque eaque est quo doloribus distinctio omnis qui ipsa.'),(43,43,'2000-03-01','autem',0.00,'Anya','Voluptatum nulla nemo consequatur dolores quo ad. Corrupti praesentium et in doloribus. Ad ad et eos maiores. Quibusdam ab dolorem laboriosam rerum quos commodi.'),(44,44,'1983-04-18','et',1.39,'Waino','Tempora rerum voluptatem unde consequuntur natus quos. Sit aut accusamus numquam sunt voluptatem in.'),(45,45,'1971-07-11','in',2.76,'Jose','Minus maiores quia et molestiae occaecati tempora. Omnis velit consequatur eum et. Laboriosam quis aperiam esse hic voluptates et aperiam.'),(46,46,'1995-07-23','quis',603.09,'Stephan','Totam eius deleniti qui id qui. Nostrum asperiores fuga sint adipisci veritatis nisi quisquam. Incidunt autem ea culpa et qui explicabo non. Nam earum voluptas est quas aut doloribus et.'),(47,47,'2003-11-29','enim',1484.00,'Kyle','Deserunt similique eum et officiis sed ullam. Libero qui fugiat nisi culpa.'),(48,48,'1984-01-30','rerum',163.00,'Shanon','Expedita sapiente iure et quidem explicabo. Necessitatibus reiciendis exercitationem vitae officia deserunt harum. Error harum quia dolorem laboriosam explicabo.'),(49,49,'2022-08-18','iure',5546.00,'Erica','Nostrum ipsum accusamus cumque quos. Et quae fuga sit sed. Ipsa eligendi ut quod vero. Doloremque ut hic rerum consectetur.'),(50,50,'1976-01-31','provident',0.00,'Aurore','Id soluta aut et. Ipsa quia dicta magni non repellendus consequatur provident. Numquam dolor sed aut eveniet libero.'),(51,1,'1977-01-22','consectetur',53527.29,'Barrett','Asperiores amet aliquam quam aliquid dignissimos id. Sed doloremque tenetur repellendus et quo totam. Deserunt sit in at sunt adipisci. Provident rerum aut nostrum quisquam.'),(52,2,'1998-01-09','et',0.00,'Janiya','Voluptate velit distinctio tenetur doloremque voluptas. Ut minus molestiae inventore fugit. Ut aut eius non asperiores impedit eos eveniet.\nQuos et maiores atque aut. Ab eos voluptatum molestiae.'),(53,3,'2002-06-08','amet',3.36,'Stan','Illum facere dolorem dolor autem. Consequatur voluptatem perferendis nemo. Ut nihil nihil amet vero explicabo. Enim eius quaerat dolores similique.'),(54,4,'1978-12-18','perspiciatis',99999999.99,'Harvey','Aliquid repellendus adipisci libero eligendi. Non ratione dolorem assumenda. Consequatur dolor quo aut aut odio natus. Tenetur modi dicta temporibus perferendis mollitia.'),(55,5,'1988-06-11','quisquam',0.09,'Delfina','Velit facere ab corporis unde aut. Nihil esse est rerum quisquam. Culpa dolores quia rerum rem. Rerum impedit aut sit dolor autem molestias nam.'),(56,6,'2000-05-22','aut',538399.63,'Jaqueline','Et laborum minima laboriosam facere deleniti voluptate iure vero. Non esse dolor impedit. Nam maiores aspernatur fugiat nulla quia deleniti praesentium.'),(57,7,'2013-08-08','provident',76230.44,'Jayde','Incidunt qui non omnis libero. Dolorem tempora et aut ut provident ut. Similique qui corrupti non quos et tempore deserunt. Dolorem quos minima molestiae quasi.'),(58,8,'1986-06-27','quod',7.71,'Hadley','Id alias blanditiis recusandae dolores. Veniam officia enim reiciendis et. Et aut molestiae repudiandae.'),(59,9,'1980-03-24','commodi',99999999.99,'Gwen','Enim dolorem sit sunt quis saepe. Ratione explicabo omnis harum impedit cum. Deserunt quia itaque asperiores qui enim. Sed excepturi fugiat omnis fugiat ut ut asperiores.'),(60,10,'1978-12-02','officia',0.00,'Roberta','Atque perspiciatis sit libero eius. Voluptas aspernatur eligendi dolores veniam velit quia. Ut minima veritatis in quidem.'),(61,11,'2000-10-30','ipsa',2183745.20,'Pablo','Magni praesentium consequatur sint sit ullam accusantium minima. Eligendi doloremque odit molestiae laborum alias omnis ipsam. Eum iusto sit repudiandae optio deserunt est.'),(62,12,'1995-11-27','iure',201003.80,'Jovani','Aperiam amet velit saepe repellendus. Quia ducimus earum soluta placeat odit excepturi minima. Sint ut culpa autem blanditiis. Velit provident similique non nobis.'),(63,13,'2002-10-13','nihil',99999999.99,'Edmond','Omnis necessitatibus voluptates nulla aut et. Tenetur qui qui porro molestiae et. Pariatur architecto facere aut quidem et et. Est tempore consequatur et animi delectus distinctio laudantium.'),(64,14,'1990-09-03','consequatur',401505.90,'Clarabelle','Rem quos accusantium velit ut eligendi. Saepe perferendis dolore incidunt quod a tempore. Veritatis eveniet similique molestiae distinctio veniam praesentium harum similique.'),(65,15,'2010-09-30','asperiores',63091.37,'Raleigh','Est illum quasi perferendis maiores. Et aspernatur officia aliquam et maiores eum. Libero mollitia sed ut ut beatae deleniti. Quod dignissimos omnis enim ullam esse architecto facere.'),(66,16,'1983-05-27','cum',14104.01,'Foster','Officiis qui fugiat sunt aut et hic. Eos dignissimos sint tenetur nisi porro fuga occaecati. Dolores in qui quia consequatur quibusdam.'),(67,17,'2001-01-05','est',5162.10,'Sabrina','Et accusamus natus reprehenderit at nemo vitae. Et est autem officia itaque autem nisi nam. Dolores ut omnis deleniti. Vel nam quia non atque at.'),(68,18,'1978-05-26','harum',4707344.46,'Chance','Rerum molestias aut cupiditate magnam. Nam dicta excepturi consequatur alias laudantium. Non aut cum dolores exercitationem qui totam.'),(69,19,'1984-01-03','vel',99999999.99,'Tate','Ullam est corporis quo dolores ad. Eius repudiandae repellat sunt natus corporis possimus distinctio laudantium. Et omnis non et hic eum et. Id fugiat dolor optio necessitatibus.'),(70,20,'2015-11-04','sed',43181.50,'Alexys','Placeat aut nihil minus est aut qui aut. Eum ullam temporibus debitis tempore architecto. Et architecto et est ut et ipsam. Voluptatem quia impedit repellat deserunt sed eligendi.'),(71,21,'1991-03-28','illo',14614.51,'Odell','Voluptatem vel quod reprehenderit quod sit. Iusto consequatur dolorem eos aperiam dolorem. Inventore maiores velit accusantium ducimus rem labore velit. Enim est ut aut.'),(72,22,'1973-07-28','repellendus',7535.88,'Tony','Modi dicta veritatis perferendis quia. Aut vitae magnam non iure consequatur. Tenetur praesentium libero aliquid nihil repudiandae praesentium quod deserunt.'),(73,23,'1995-04-27','deleniti',1159918.30,'Hettie','Dolor et praesentium dicta consequatur impedit dolores sed. Et iure quo natus. In nisi incidunt dignissimos repellat mollitia ea rerum quaerat.'),(74,24,'2014-12-14','facilis',811.69,'Ella','Exercitationem iste magnam dolore. Tempore soluta earum omnis. Non unde repellat est est.'),(75,25,'1988-10-29','omnis',330569.64,'Sebastian','Aut iusto officiis adipisci veniam consequuntur ut. Sed qui enim id et perferendis nostrum consequuntur. Libero asperiores omnis iure in nihil deserunt eligendi et.'),(76,26,'1975-04-02','veritatis',6142493.71,'Marques','Accusantium et natus vitae quidem odio omnis omnis. Odio error quis a exercitationem ut. Accusantium dicta quam optio est aut magni.'),(77,27,'1993-07-02','provident',4.00,'Nettie','Est necessitatibus quis omnis nisi inventore consequuntur nam. Inventore ut est sit. Repellendus quasi itaque nihil ab cupiditate et. Autem vel ut soluta magnam molestiae.'),(78,28,'2021-08-21','occaecati',15757672.36,'Natasha','Ut perferendis ab nobis qui. Est esse explicabo tempora sed repellat. Id assumenda atque omnis. Et modi accusantium impedit culpa.'),(79,29,'1975-11-20','veritatis',676642.00,'Sabrina','Eos nihil praesentium provident. Totam aspernatur adipisci culpa. Tenetur id dolores et quibusdam assumenda adipisci repellat. Soluta dolorem doloremque dolor quia ducimus nihil nulla.'),(80,30,'1982-04-05','qui',234.24,'Melyna','Laboriosam modi saepe voluptas a quos. Rem iusto ipsam quia ipsa architecto commodi dolorum tempore. Voluptatem voluptatem illo aperiam rerum quo. Earum dolor accusantium temporibus deserunt id.'),(81,31,'2010-10-07','eius',69394.21,'Maxine','Vel voluptas ut dolorem recusandae. Inventore animi quod vero molestiae porro molestias. Et quia qui sed et. Sapiente aut veritatis voluptates facere a rerum. Unde voluptatem modi neque.'),(82,32,'1973-07-14','et',511803.62,'Liana','Aut placeat ut quia reprehenderit aperiam laboriosam. Amet laboriosam delectus quia. Ea impedit sunt sunt blanditiis rerum. Voluptas est harum eveniet sit ea suscipit quo.'),(83,33,'2011-02-12','sint',0.00,'Cecilia','Est quasi minus aperiam eum temporibus. Labore dolor impedit earum corrupti minima neque non omnis. Rem in nobis incidunt tempore sed perspiciatis consequatur.'),(84,34,'2017-11-07','delectus',22.74,'Javon','In laudantium necessitatibus nihil sed consequuntur. Sed ipsum atque tenetur assumenda ut sunt officia. Doloremque odio et veniam et quis. Minima quisquam aut ut voluptatibus.'),(85,35,'2019-01-04','totam',29127657.11,'Wayne','Recusandae non consectetur debitis accusamus eligendi et pariatur nisi. Consectetur excepturi soluta exercitationem. Voluptas soluta qui qui veritatis aut.'),(86,36,'2006-03-07','sit',10828270.80,'Juliana','Qui odio et odio id. Asperiores consectetur nihil enim cupiditate harum suscipit. Vel sint est hic. Velit voluptas eum asperiores est.'),(87,37,'1984-01-25','qui',912.64,'Elise','Totam sequi maxime deleniti voluptatem adipisci consequuntur officiis. Similique tenetur et voluptas consequuntur voluptas delectus voluptas atque.'),(88,38,'2017-12-08','illo',47522631.00,'Elton','Assumenda quo mollitia iusto ratione. Est laudantium rerum quo voluptatibus quia dolorem. Dicta ad sequi atque qui dignissimos vitae dolore itaque.'),(89,39,'1974-12-27','nobis',18034.87,'Delilah','Molestiae vitae ut dicta ducimus ut ut. Quibusdam temporibus et accusamus nam quae libero dolor exercitationem. Delectus id ipsum commodi maxime.'),(90,40,'1977-04-08','ut',0.00,'Ruthie','Molestias inventore eos quas facere. Quia pariatur molestiae voluptate aliquam qui eveniet voluptates debitis. Mollitia eum est dolorem ut porro aut et iure.'),(91,41,'1991-07-10','atque',259702.08,'Zander','Et nemo dicta eius delectus maiores tempore officia sint. Voluptatibus dolores est maxime quis. Rem architecto voluptatem doloribus quos eius.'),(92,42,'2019-12-02','nisi',99999999.99,'Belle','Veritatis ut animi blanditiis. Facilis illo aut beatae similique tenetur deleniti. Adipisci officia rem quasi sunt maxime non qui.'),(93,43,'1976-08-20','labore',1253141.90,'Ethyl','Ducimus autem sequi ut similique earum minus. Possimus quia nostrum laboriosam mollitia dolorem. Perspiciatis et recusandae sunt dolores consequuntur labore. Ut recusandae vel sit officiis harum non.'),(94,44,'1976-04-13','eligendi',2888.42,'Daphnee','Necessitatibus quia quia sit. Rem commodi omnis accusantium accusantium. Delectus est deserunt non.'),(95,45,'1983-06-22','et',5221933.64,'Brittany','Et laboriosam necessitatibus quos cum. Ex iure autem beatae expedita qui itaque tempore at. Nostrum fugit vitae eos nemo dicta architecto.'),(96,46,'1996-03-30','provident',7646539.30,'Matilde','Voluptas ea veritatis atque labore autem sed rerum alias. Et quod magnam rerum beatae et libero vel aut. Rem aut consequatur ducimus eos soluta. Ut porro quia praesentium explicabo.'),(97,47,'2014-06-23','rerum',160519.70,'Annabell','Quia modi non repellendus et quis nisi sapiente. Nobis et consectetur tempore dolorem. Voluptatibus quas ad tempora aut ducimus est.'),(98,48,'1972-01-07','laudantium',4027022.90,'Florine','Eum et ipsa qui minus sunt error ut. Deserunt ad accusantium ut deserunt sit eos porro et. Sed dolore earum sequi provident vero.'),(99,49,'1990-01-04','voluptatem',11.00,'Ibrahim','Nihil qui consequatur assumenda qui eum temporibus. Nihil rerum magnam suscipit dolor suscipit natus aut. Ullam praesentium occaecati qui aut autem.'),(100,50,'2017-01-23','dolores',1.60,'Sherman','Deleniti repudiandae aliquid animi sint esse repellendus. Omnis doloremque officiis beatae quae quia est. Consequatur enim excepturi doloremque ullam sapiente qui.');
INSERT INTO desgloce_ppto VALUES (1,1,'vel',47850694.40),(2,2,'unde',0.00),(3,3,'praesentium',0.79),(4,4,'dolorem',0.00),(5,5,'corporis',0.00),(6,6,'aut',0.82),(7,7,'soluta',46.57),(8,8,'expedita',44.34),(9,9,'consectetur',131.84),(10,10,'minima',0.00),(11,11,'ut',0.00),(12,12,'quis',99999999.99),(13,13,'quos',19279851.87),(14,14,'voluptatum',432766.90),(15,15,'non',2337303.41),(16,16,'accusamus',55181.90),(17,17,'molestiae',1820124.17),(18,18,'explicabo',0.00),(19,19,'sit',863.93),(20,20,'dolor',1947.45),(21,21,'esse',2952.90),(22,22,'quas',21031.08),(23,23,'nihil',23315801.13),(24,24,'dignissimos',357.66),(25,25,'commodi',2530324.61),(26,26,'vero',0.00),(27,27,'sit',4635.50),(28,28,'ducimus',13.55),(29,29,'minima',99999999.99),(30,30,'quo',0.00),(31,31,'itaque',126357.39),(32,32,'quia',636808.47),(33,33,'eligendi',352.00),(34,34,'necessitatibus',1.96),(35,35,'sit',21148.34),(36,36,'fugiat',40664644.00),(37,37,'voluptatem',99999999.99),(38,38,'nam',3.15),(39,39,'nulla',3590.86),(40,40,'praesentium',589716.72),(41,41,'qui',410282.60),(42,42,'voluptatem',42.38),(43,43,'accusamus',32371.80),(44,44,'similique',800724.00),(45,45,'perspiciatis',34917.04),(46,46,'quibusdam',0.10),(47,47,'dolore',168391.00),(48,48,'aspernatur',37569.33),(49,49,'ea',1.41),(50,50,'earum',5.46),(51,51,'animi',17332.18),(52,52,'est',91.56),(53,53,'iure',0.00),(54,54,'voluptas',55460042.79),(55,55,'non',2514426.00),(56,56,'culpa',27272741.10),(57,57,'cumque',138.41),(58,58,'earum',12411.18),(59,59,'vel',0.00),(60,60,'eum',1649.70),(61,61,'corporis',10169.45),(62,62,'magnam',31.49),(63,63,'vel',99999999.99),(64,64,'quo',24439387.42),(65,65,'et',153300.67),(66,66,'ut',5315037.97),(67,67,'nulla',99999999.99),(68,68,'sint',0.00),(69,69,'rerum',13020.48),(70,70,'voluptas',3899.09),(71,71,'rerum',923.62),(72,72,'accusantium',0.91),(73,73,'voluptatem',26135935.70),(74,74,'laborum',13.49),(75,75,'sint',22.92),(76,76,'in',0.00),(77,77,'quos',31056.59),(78,78,'nobis',291.87),(79,79,'a',3.39),(80,80,'rem',799873.62),(81,81,'aspernatur',1570256.87),(82,82,'accusantium',15144078.86),(83,83,'reiciendis',349.83),(84,84,'nihil',188.11),(85,85,'iure',434.57),(86,86,'delectus',335.90),(87,87,'ea',99999999.99),(88,88,'incidunt',5.00),(89,89,'eveniet',2664957.77),(90,90,'unde',99999999.99),(91,91,'nihil',0.00),(92,92,'libero',3848957.17),(93,93,'ut',13.46),(94,94,'beatae',2621333.78),(95,95,'earum',720322.82),(96,96,'quaerat',518363.51),(97,97,'est',8.05),(98,98,'recusandae',455399.56),(99,99,'odio',9.56),(100,100,'qui',44140372.83),(101,1,'maiores',99999999.99),(102,2,'tenetur',28527.53),(103,3,'dicta',4162.25),(104,4,'tempora',15480.03),(105,5,'occaecati',1.95),(106,6,'pariatur',11155.07),(107,7,'est',2541.00),(108,8,'assumenda',588.43),(109,9,'ab',99999999.99),(110,10,'suscipit',27.06),(111,11,'velit',39842696.79),(112,12,'et',0.00),(113,13,'maxime',3176.44),(114,14,'asperiores',99999999.99),(115,15,'atque',0.00),(116,16,'voluptas',4.00),(117,17,'beatae',46343.74),(118,18,'dolor',7.41),(119,19,'et',4384005.40),(120,20,'cumque',147263.09),(121,21,'dolores',29.93),(122,22,'porro',10796273.29),(123,23,'sed',8758055.11),(124,24,'aut',99999999.99),(125,25,'natus',4777249.30),(126,26,'consequatur',99999999.99),(127,27,'dolore',3.13),(128,28,'est',0.98),(129,29,'harum',59.50),(130,30,'doloremque',5428612.16),(131,31,'et',99999999.99),(132,32,'aut',431.00),(133,33,'ut',547.43),(134,34,'libero',2830359.41),(135,35,'nostrum',0.00),(136,36,'eos',2625.10),(137,37,'distinctio',39444.20),(138,38,'adipisci',99999999.99),(139,39,'sint',0.00),(140,40,'aut',1.26),(141,41,'ut',26901103.58),(142,42,'id',1642.57),(143,43,'qui',2768.85),(144,44,'quis',75023429.57),(145,45,'fuga',0.00),(146,46,'ea',3721556.82),(147,47,'unde',99999999.99),(148,48,'est',39318.95),(149,49,'assumenda',749241.66),(150,50,'quidem',7160639.53);
INSERT INTO no_facturas VALUES (1,1,562),(2,2,247),(3,3,651),(4,4,389),(5,5,554),(6,6,587),(7,7,274),(8,8,184),(9,9,805),(10,10,296),(11,11,859),(12,12,698),(13,13,626),(14,14,970),(15,15,868),(16,16,135),(17,17,700),(18,18,224),(19,19,454),(20,20,696),(21,21,749),(22,22,550),(23,23,464),(24,24,526),(25,25,55),(26,26,261),(27,27,693),(28,28,58),(29,29,532),(30,30,95),(31,31,746),(32,32,124),(33,33,649),(34,34,664),(35,35,829),(36,36,741),(37,37,773),(38,38,713),(39,39,222),(40,40,156),(41,41,453),(42,42,788),(43,43,369),(44,44,80),(45,45,685),(46,46,831),(47,47,77),(48,48,304),(49,49,292),(50,50,765),(51,1,731),(52,2,808),(53,3,900),(54,4,192),(55,5,612),(56,6,674),(57,7,879),(58,8,262),(59,9,136),(60,10,984);
INSERT INTO catastro_calificacion VALUES (1,1,'1045',1,'Eum est ipsam adipisci blanditiis facilis eveniet. Omnis incidunt harum fuga illum natus enim quaerat. Necessitatibus rerum neque vitae sed cumque.','en tramite'),(2,1,'1046',2,'Nesciunt ullam necessitatibus distinctio. Sunt deserunt atque sapiente hic magnam. Magnam reiciendis beatae quo pariatur alias.','correccion'),(3,1,'1047',3,'Et nostrum sunt voluptatem ut fugiat. Doloremque deserunt veniam aliquid cum commodi saepe quae. Itaque nobis alias odio magnam error numquam.','si'),(4,0,'1049',4,'Et qui blanditiis temporibus. Repudiandae officia eos facilis delectus rem corporis. Non reprehenderit repudiandae sed id deserunt tempore nihil natus. Aut et quas provident alias incidunt omnis.','correccion'),(5,0,'1050',5,'Vitae possimus libero hic quaerat consequatur. Ab impedit explicabo ut. Quidem dolores quidem hic vel enim libero. Sint quaerat eum non cum officiis sapiente.','si'),(6,1,'1052',6,'Qui inventore consequatur molestiae sunt occaecati et sed. Eos aut quos tempora pariatur. Et dolores harum et voluptas.','correccion'),(7,0,'1053',7,'Velit aut voluptatem velit sed qui omnis. Deleniti et et rem qui reiciendis sed. Eius distinctio corrupti dignissimos.','correccion'),(8,0,'1071',8,'Culpa ut veritatis iure omnis itaque officiis fugiat. Omnis quidem vitae reprehenderit non. Expedita culpa aut explicabo consequatur animi qui voluptas. Amet sed temporibus voluptas non.','en tramite'),(9,1,'1088',9,'Quas nemo occaecati inventore dolores et. Id commodi in ullam soluta porro.','correccion'),(10,0,'1089',10,'Quaerat vel quis autem voluptatem beatae molestias assumenda. Nisi perferendis voluptatem ut sit minima doloremque. Est doloribus ut expedita ad.','correccion'),(11,1,'1094',11,'Magni nisi et voluptate sint quia error. Omnis quis voluptas dolores qui reiciendis occaecati dolorum. Est ratione et ea. Nihil consectetur ut hic amet eos dolorem.','en tramite'),(12,0,'1118',12,'Totam distinctio repellendus et rerum dolor ut suscipit. Ab sit aliquam quaerat tenetur voluptate.','en tramite'),(13,0,'1126',13,'Ut non accusantium et maiores est exercitationem quam. Quam doloribus laudantium dolore est temporibus qui. Assumenda dolor pariatur earum nihil.','si'),(14,0,'1133',14,'Amet rem aut eos corrupti perspiciatis quibusdam. Itaque neque necessitatibus ut porro qui aut atque.','correccion'),(15,1,'1136',15,'Nobis rerum modi temporibus deserunt et incidunt. Ducimus vel saepe eum facilis dolorem.','en tramite'),(16,1,'1146',16,'Corrupti quaerat enim voluptates fugiat. Repellendus quis fuga delectus dolores ipsam voluptates. Voluptatum hic autem ab odio rerum quam.','si'),(17,0,'1166',17,'Quis id sed quod ipsa nemo et id. Non aut optio debitis. Sed velit ut quam voluptate sint nam. Tenetur occaecati aliquam quia harum.','correccion'),(18,1,'1169',18,'Minima similique quia esse exercitationem aut cumque adipisci. Cupiditate veritatis numquam ullam nemo. Iure est voluptas non voluptatem.','si'),(19,0,'1181',19,'Voluptates veritatis praesentium maiores perspiciatis et similique ad. Velit at aut omnis non laborum eveniet aut. Dolore odio illum perferendis id eveniet.','en tramite'),(20,1,'1184',20,'Ut doloribus dolorum dicta repudiandae rerum repudiandae. Dolorem sapiente quisquam sint officia quia necessitatibus.','correccion'),(21,1,'1190',21,'Corrupti fugit delectus autem ut sapiente omnis voluptas et. Praesentium non placeat nisi alias qui iusto pariatur. Consequatur nemo tempora quis.','correccion'),(22,1,'1201',22,'Deserunt quod aut architecto. Atque quos ab ducimus rem quis. Rerum et eaque ut.','en tramite'),(23,1,'1204',23,'Corrupti qui qui fugiat atque. Repudiandae autem temporibus sit tempore odio. Dolor rem tempore sequi iusto dolor natus accusantium. Ipsa aut reiciendis nihil quis exercitationem exercitationem.','en tramite'),(24,1,'1211',24,'Necessitatibus sed eos a consequatur laborum repudiandae. Nulla repellat quia et sunt voluptatem quibusdam. Sed vel voluptas qui accusamus atque quae.','si'),(25,1,'1224',25,'Magnam rem nam qui facilis veritatis. Illo dolores veniam excepturi non sit itaque. Quia iusto inventore sed aut quia. Est culpa cumque et veniam.','correccion'),(26,1,'1226',26,'Maiores officia non magni error et assumenda non. Et dolore laboriosam modi aspernatur. Non asperiores ipsum omnis sunt maiores id.','en tramite'),(27,0,'1233',27,'Quisquam aspernatur alias vero ratione. In voluptatum ad quod qui. Veniam est maiores laboriosam excepturi error.','si'),(28,0,'1240',28,'Fugiat temporibus quaerat deleniti veniam ut. Error voluptas dolores enim debitis autem id sed. Quidem illum commodi sunt nostrum. Quis occaecati quia et veniam odit.','correccion'),(29,0,'1248',29,'Omnis ut similique doloribus optio voluptatem libero eaque ipsam. Aut placeat labore laudantium eius. Facere rerum iste tempora excepturi.','correccion'),(30,1,'1259',30,'Corporis quam voluptatum amet quia. Eligendi eum amet iste laudantium et dolor. Sit omnis sunt molestiae veritatis quia esse voluptate. Architecto qui quis distinctio eum suscipit.','correccion'),(31,0,'1267',31,'Quos libero possimus assumenda vero consectetur et facere dolorum. Id eos sapiente sit dolorem. Fuga et sunt esse. Similique iure iure voluptatem est non veniam. Eos modi enim optio dolorem.','correccion'),(32,0,'1289',32,'Aliquam neque pariatur et esse at. Quibusdam assumenda neque dolorem sunt at voluptas. Harum aperiam tempore aut beatae praesentium.','en tramite'),(33,1,'1292',33,'Voluptas est illo at. Architecto excepturi repudiandae libero minima. Ipsa iste aut qui tempore suscipit natus. Ducimus et ipsum amet tempore quis nisi. Tenetur in sed nesciunt at id quia.','correccion'),(34,1,'1294',34,'Dicta ullam qui id alias. Sint culpa quis ab recusandae illum. Pariatur et reprehenderit dolorem optio eveniet saepe voluptatibus. Cum quam exercitationem quibusdam placeat.','si'),(35,1,'1301',35,'Eveniet nam ducimus ipsa dolorem non. Minus eius perferendis ipsum dolores mollitia. Nihil ratione ab sit quia eum et.','si'),(36,0,'1302',36,'Repellendus aliquid voluptatum blanditiis et voluptatem omnis. Corporis magnam cum autem in error. Amet dolore suscipit rerum porro veritatis tenetur quibusdam voluptatem.','si'),(37,1,'1309',37,'Nemo minima necessitatibus adipisci non fuga vel soluta. Non minus cumque dignissimos accusantium ab quasi non placeat. Nisi consequuntur dolore laudantium animi qui dignissimos.','si'),(38,0,'1315',38,'Pariatur beatae cumque dolores magnam consequatur. Eveniet non qui amet ut nemo. Aspernatur error cupiditate aliquam quia laudantium unde consequatur.','si'),(39,1,'1317',39,'Cumque quas itaque id quibusdam molestias aperiam rerum. Sapiente vel iusto aut sed omnis debitis. Asperiores voluptas cupiditate aut est.','correccion'),(40,1,'1318',40,'Sit accusamus ad qui quia. Dolorem suscipit natus reprehenderit. Natus in ipsum dolorem corporis.','correccion'),(41,0,'1333',41,'A ut deserunt ut dignissimos quisquam dolor. Dolore consequatur sit itaque error error perspiciatis. Et mollitia sed vel aut.','si'),(42,1,'1349',42,'Provident recusandae alias est quaerat exercitationem error. Doloremque voluptatum blanditiis dolores eum dignissimos animi.','si'),(43,0,'1350',43,'Neque nihil natus expedita possimus molestiae. Molestiae id rerum quidem non esse. Aliquid et et consequuntur vero odio consectetur.','en tramite'),(44,0,'1366',44,'Quam et et ducimus ut non quia. Vitae minus numquam minus beatae blanditiis. Aut ut eum consequatur et ut laboriosam.','si'),(45,1,'1368',45,'Amet distinctio illo aut iusto ipsam enim aut. Itaque perspiciatis id magni neque quas ut. Odit odio ipsa iusto sit distinctio pariatur rem. Nam quam natus culpa aut labore dolor.','en tramite'),(46,0,'1371',46,'Reiciendis eos ducimus sed. Incidunt quasi officiis cumque cumque non vitae est ut. Nihil est sint vitae dolor placeat.','correccion'),(47,0,'1376',47,'Ipsa voluptatum esse eaque adipisci quod maxime. Nemo porro possimus consectetur recusandae. Laudantium aliquam neque ipsum odio.','en tramite'),(48,0,'1403',48,'Earum assumenda fugit rerum earum rerum. Similique doloremque delectus et sequi ea voluptates impedit. Beatae deleniti ea sed.','si'),(49,1,'1415',49,'Necessitatibus minima consequatur veritatis numquam quae illo numquam. Et ut atque molestiae unde quia aperiam quas. Velit molestiae perferendis non vel tenetur eius voluptas velit.','en tramite'),(50,1,'1422',50,'Aut impedit tempora voluptate numquam veritatis magnam mollitia accusamus. Tempore at est quo cum eos. Qui ullam numquam sit aut hic veniam.','correccion');
INSERT INTO catastro_td VALUES (1,1,'Nihil doloribus sunt quam fuga minima. Accusantium exercitationem et deserunt. Sit voluptatem voluptatem sed nobis quibusdam alias.','si'),(2,2,'Aut beatae eum neque. Dolorum hic voluptatem mollitia et vel ab. Qui dolore ducimus vero aperiam architecto est sequi.','en tramite'),(3,3,'Dolor odio enim nulla soluta consequatur voluptatem exercitationem. Ut sit ullam odit impedit nam tempore.\nVoluptate enim distinctio libero fuga odit non voluptate. Quam non qui et tempore aut in.','en tramite'),(4,4,'Nostrum error quia autem quaerat ea nihil. Occaecati voluptatem et ut numquam illum. Itaque incidunt nihil magnam officia eos et debitis odit. Id ex voluptas nulla.','correccion'),(5,5,'Et sed officia omnis voluptas ratione nihil. Quo rerum possimus ratione commodi. Iure et voluptatum harum dolor exercitationem. Quia beatae sunt incidunt sapiente. Voluptas velit autem et possimus.','si'),(6,6,'Aliquid ut nam fuga et quo et dolores. Aliquid sint omnis dignissimos animi et perspiciatis cum. Possimus nulla ut doloremque magni temporibus maxime voluptate. Amet ullam dolor ducimus id possimus.','en tramite'),(7,7,'Et est sapiente quasi soluta facilis. Ullam ut consequuntur rerum debitis sapiente quasi. Consequatur ea iste est itaque sunt quia. Ipsum magnam deserunt nemo exercitationem ullam ipsa ut.','correccion'),(8,8,'Debitis reiciendis in aut ab quis nam laborum. Et enim explicabo deserunt placeat exercitationem atque quae.','correccion'),(9,9,'Veritatis consequatur nihil est iure sequi quia laboriosam. Incidunt sed dignissimos nobis. Saepe placeat ipsam libero velit aut suscipit. Qui repellendus qui optio voluptates laborum.','en tramite'),(10,10,'Porro repudiandae debitis culpa. Illum quia et pariatur omnis quisquam animi commodi quaerat. Voluptas ea aut praesentium soluta reiciendis.','en tramite'),(11,11,'Eum ad quos molestiae ullam. Voluptas sunt commodi est dolor non dolorem est. Et qui quos aut aperiam. Deleniti consequatur perferendis cumque voluptas ratione.','correccion'),(12,12,'Et eius et dicta omnis doloremque et et. Libero voluptas nam incidunt. Quos molestiae accusamus eum ipsa sed cupiditate.','en tramite'),(13,13,'Dolorem rerum voluptas quod qui consectetur consectetur. Veniam tenetur optio quae asperiores. Vel quo velit voluptatem sunt saepe.','correccion'),(14,14,'Voluptatem mollitia id architecto qui ut sunt est esse. Et quaerat magnam a perferendis et exercitationem. Architecto et dolor voluptatem accusamus quia iure.','en tramite'),(15,15,'Eos consequatur eaque quo nisi perferendis. Debitis temporibus nisi rerum amet. Ex quia autem quia qui dolorem.','en tramite'),(16,16,'Et consequatur odit aut sed. Officia a autem exercitationem molestiae. Eius ratione sit rerum provident cum harum sed. Esse reprehenderit facere consequatur.','en tramite'),(17,17,'Totam qui mollitia dolore consequatur. Ipsam recusandae corrupti natus harum. Quod qui totam aut adipisci et ex.','correccion'),(18,18,'Dolore quibusdam eaque non nisi recusandae ut. Eum qui totam optio eos voluptas qui hic. Dignissimos eum quaerat perferendis quae quisquam.','correccion'),(19,19,'Iste rerum debitis possimus quos. Eum veritatis animi alias fugit iste accusamus. Et consequatur amet dolor corporis nostrum unde. Sed nihil asperiores hic libero.','en tramite'),(20,20,'Eum perferendis maxime omnis autem temporibus voluptate. Rerum laborum rem dignissimos rem saepe sit. Perferendis ipsa qui et id alias illum cum. Fugiat sunt at voluptates ipsam nisi.','en tramite'),(21,21,'Velit fuga officia distinctio sunt mollitia enim doloribus. Architecto excepturi et non ut. Aut molestias laborum repellendus. Quibusdam nam repudiandae libero veritatis eum veniam.','correccion'),(22,22,'Consectetur sit cupiditate possimus tenetur quia laborum quos. Quidem nemo expedita repudiandae nostrum. Corrupti magnam fugit id rem accusantium. Vitae autem minus rem voluptatem.','si'),(23,23,'Suscipit eius nisi sed dolores asperiores ipsam. Eum est illum accusantium quos omnis. Enim expedita eum voluptatem ab et dolorum corporis. Illo autem quam sed explicabo amet quasi.','correccion'),(24,24,'Placeat repellat voluptatibus vel rerum eius reprehenderit. Laboriosam quia atque aspernatur porro aut iusto voluptatem. Distinctio vel aut eveniet aut. Voluptas dolorum veniam vel.','correccion'),(25,25,'Dolores qui doloremque blanditiis adipisci iure ex. Eveniet odio in id aspernatur dignissimos libero. Optio dolorum nisi fugit fugit et voluptas consequuntur. Accusantium beatae nihil quisquam eaque.','si'),(26,26,'Explicabo consequatur rerum ab ipsum ut et. Qui laboriosam maiores enim eius et id voluptatum. Quis id vel atque qui.','en tramite'),(27,27,'Veritatis vero occaecati atque ut. Quam ea non vel. Quo minus odio rerum.','en tramite'),(28,28,'Magnam delectus explicabo deserunt voluptate culpa illo molestiae. Omnis quo repellat cumque perspiciatis vel eius. Et aliquid libero est. Assumenda officia et voluptas et.','si'),(29,29,'Aperiam reiciendis perspiciatis inventore rerum molestiae. Eos nihil voluptatem molestias aut quia sunt. Unde consectetur expedita odit repellat ipsa incidunt dolores.','correccion'),(30,30,'Cumque veniam hic molestias aut est. Et qui veritatis laudantium voluptate vitae maxime doloribus. Sit et possimus voluptatem sed aut.','si'),(31,31,'Architecto quaerat est non odio eos eveniet. Id temporibus deleniti ea minima suscipit ipsam consequuntur. Et quo corporis rerum. Temporibus vitae sequi maxime quo fuga.','si'),(32,32,'Laudantium ex soluta rerum vel fuga. Et ut possimus sit laboriosam enim ut qui. Et qui libero velit.','correccion'),(33,33,'Vel magnam et alias. Eligendi iste rerum ullam. Nemo eum minima nostrum est dolores soluta.','en tramite'),(34,34,'Cumque saepe minima nulla illum accusamus quae aut. Qui adipisci soluta non. Voluptatum nisi commodi necessitatibus magnam aliquam non. Non non ipsa dolorem consequuntur.','en tramite'),(35,35,'Non doloribus eos a excepturi corporis impedit dolores. Doloremque nisi voluptates rem. Corporis qui est ut ea cumque eos nisi iusto. Molestiae repudiandae tempora maiores itaque.','correccion'),(36,36,'Aut non pariatur dolore et accusamus. Quae et ipsum veniam laborum rerum. Est provident dolor quia animi et. Aut voluptatibus saepe eum modi blanditiis.','en tramite'),(37,37,'Et iure consequuntur quia explicabo cumque earum. Fugiat consequatur quo ex. Aliquam est natus sint debitis dolorum aspernatur architecto dolor. Consequatur natus rerum debitis ipsam nihil eum.','en tramite'),(38,38,'Ipsum dolores quia in eum. Aperiam ea ducimus optio ad. Quo non qui aliquam illo autem tempora inventore. Facilis ducimus molestiae dolor repudiandae nam esse.','si'),(39,39,'Quidem eligendi delectus impedit laudantium ab. In commodi corrupti saepe tempore quibusdam. Quaerat dolorem perspiciatis necessitatibus nobis neque nemo.','correccion'),(40,40,'Et iure vel natus incidunt. Dicta possimus quae ex totam enim laudantium. Labore quisquam doloremque et amet itaque molestias. Qui unde enim officiis iste sed expedita est.','en tramite'),(41,41,'Sit quisquam eos ratione et beatae vitae dignissimos. Unde dolor quis consequatur quo quia autem.','correccion'),(42,42,'Qui in repellat corporis ducimus. Quia ut dolores iure sit placeat. Porro temporibus mollitia eos eum.','en tramite'),(43,43,'At rerum id sit aut explicabo rerum ducimus ut. Dicta laudantium ut minima rem nesciunt eos quod.','en tramite'),(44,44,'Voluptas error fuga nemo. Et qui architecto voluptatem harum dicta nisi nulla eos. Eligendi quod sint nemo dolorum. Debitis sunt incidunt magni laudantium.','si'),(45,45,'Esse dolore veritatis laboriosam. Consequatur exercitationem neque ut vero dolorem. Voluptatem recusandae maxime non. Tempore deserunt facilis dolorem vel.','correccion'),(46,46,'Ut aspernatur omnis iusto ratione. Architecto est itaque voluptate sit. Sit nostrum dolorem magnam est aut voluptatem doloribus quis. Omnis facere blanditiis laborum est voluptas.','correccion'),(47,47,'Enim numquam vel optio voluptates qui nobis quisquam ea. Laboriosam eos accusantium error dolorum. Tempore saepe est et voluptatem temporibus.','en tramite'),(48,48,'Magnam nam molestiae suscipit maiores dicta enim. Et totam est hic dolorem dolor porro. Blanditiis explicabo quam tenetur autem nobis nisi. Est maiores est enim occaecati repellendus.','en tramite'),(49,49,'Enim molestiae corrupti ipsa cumque quaerat necessitatibus incidunt. Accusantium quo quia sunt facere voluptatem quasi. Quaerat qui modi est et ea porro.','en tramite'),(50,50,'Beatae aut aperiam quo sit quod. Et reiciendis sequi delectus et. Id omnis quisquam repudiandae tempora sint temporibus.','si');

INSERT INTO direccion_notarias_seguimiento_juicios (escritura_id,no_oficio_escritura,fecha_envio_escritura,fecha_solicitud_busqueda_testa_dircc,fecha_solicitud_busqueda_testa_rpp,fecha_publicacion_boletin,fecha_publicacion_periodico) VALUES (1,7,'2017-09-10','1980-03-22','2012-06-14','1994-04-03','1976-10-13'),(2,0,'1983-03-01','1995-08-11','1991-05-03','2006-05-27','2014-05-27'),(3,4,'1997-08-30','1986-03-31','2011-09-29','2009-11-18','2016-05-25'),(4,3,'2007-08-08','2004-10-07','2003-04-13','1986-07-24','1998-12-10'),(5,9,'2008-12-21','1985-09-25','1980-06-16','2023-01-18','2006-02-22'),(6,8,'2022-02-12','1975-12-10','1990-10-21','2017-07-09','1971-01-20'),(7,6,'2019-12-16','2021-03-19','1971-04-11','2009-11-10','2016-09-23'),(8,5,'2006-05-21','1983-02-05','1974-05-22','2020-02-04','1995-01-29'),(9,4,'2004-10-13','2001-04-06','1970-08-23','1984-05-02','1999-02-02'),(10,7,'1970-08-15','1971-05-21','1983-04-21','1971-05-03','1986-12-14'),(11,8,'1979-12-07','1975-09-23','1970-07-06','2011-02-21','2007-10-03'),(12,0,'2021-03-19','1970-04-03','2004-06-30','1980-10-07','1999-01-28'),(13,2,'1983-09-29','1996-07-19','1996-04-12','1993-06-27','2015-06-18'),(14,2,'2013-02-02','2022-07-27','1981-06-03','1982-07-06','2004-09-21'),(15,7,'1987-02-07','1999-03-10','1973-10-18','1987-01-27','1982-09-22'),(16,3,'2007-04-12','2017-11-17','1983-01-30','2019-05-03','1980-02-06'),(17,9,'1985-09-30','1999-07-26','2014-08-06','2001-07-23','2013-09-28'),(18,7,'2017-03-10','1988-09-20','1992-03-28','1989-10-30','1986-12-22'),(19,4,'1981-10-22','1976-06-14','1976-05-07','2005-04-11','2013-05-06'),(20,7,'1999-08-30','1982-04-27','2020-11-23','1993-01-07','2018-07-03'),(21,3,'2020-05-17','2014-09-16','1996-01-24','2012-05-07','2015-01-14'),(22,9,'2005-12-13','1982-07-16','1977-06-07','1981-11-23','1995-11-27'),(23,7,'2012-05-17','2008-08-29','2005-01-03','1992-09-26','2019-12-28'),(24,6,'1996-05-18','1985-02-13','1990-05-12','1973-09-12','1996-01-16'),(25,4,'1978-06-19','1992-01-29','1993-01-03','2004-03-11','1991-07-28'),(26,1,'2017-09-10','1989-05-26','1981-04-13','1971-10-20','2013-03-01'),(27,6,'1991-04-09','1983-04-12','1975-08-06','2001-05-11','2016-10-25'),(28,9,'1975-01-07','1988-10-11','1986-11-08','1975-11-10','2000-05-12'),(29,4,'2006-01-29','1982-11-13','1975-03-21','1981-09-24','1972-04-10'),(30,8,'1974-07-25','1998-08-15','2018-02-13','1976-12-06','2004-05-17'),(31,1,'1978-09-13','1974-05-07','1990-08-24','1970-09-03','2013-09-05'),(32,7,'1998-03-07','1988-12-07','1970-02-04','1983-08-15','1973-11-20'),(33,9,'1989-11-26','2002-07-25','1985-01-11','2021-03-04','2006-04-21'),(34,3,'1994-05-10','1982-06-05','1987-03-21','1978-06-05','2021-11-27'),(35,1,'1989-05-13','2003-12-23','1973-09-05','1979-07-29','2017-10-19'),(36,3,'2001-08-13','2020-11-03','1970-04-25','1972-04-28','2020-11-18'),(37,5,'1970-02-08','1986-05-14','1978-01-05','1991-02-24','2015-07-28'),(38,1,'1992-06-17','1988-09-17','1971-07-01','2001-06-04','1988-12-19'),(39,9,'2010-10-30','2013-04-07','2004-01-29','2018-05-03','1984-09-28'),(40,4,'2021-08-28','1972-03-03','2021-07-24','2006-01-07','1989-04-09'),(41,7,'1977-04-30','1998-02-17','1990-11-14','1983-02-02','1991-05-05'),(42,3,'1972-07-03','2003-10-18','1976-11-03','1978-01-03','1986-10-30'),(43,5,'2003-03-03','1991-04-10','1970-08-10','2000-09-05','1972-10-28'),(44,8,'1999-05-17','2017-08-04','1981-01-22','2019-03-13','1993-03-30'),(45,7,'1987-09-13','1973-05-30','1975-08-12','2022-12-02','1970-07-17'),(46,6,'1994-05-02','2000-12-23','1983-02-23','1976-09-08','1981-09-04'),(47,0,'2009-04-10','1990-01-22','1997-07-27','1988-09-28','2006-10-02'),(48,7,'2018-10-19','1975-12-29','2021-09-17','2008-06-02','2010-04-25'),(49,2,'1972-01-11','1974-11-10','2006-05-07','1985-04-15','2012-11-20'),(50,4,'1974-07-30','2016-02-24','2013-06-22','1994-09-13','1973-09-13'),(51,0,'2009-01-15','2012-06-07','1972-09-07','1995-06-25','2012-06-25'),(52,3,'2013-04-19','2021-07-09','2013-01-30','1996-10-24','2006-09-23'),(53,6,'1976-04-28','1975-02-20','1978-09-09','2006-12-26','1985-07-17'),(54,8,'1997-01-05','1981-03-06','2017-09-25','1998-10-09','1971-06-14'),(55,6,'2003-07-25','2003-07-10','1999-08-12','1972-04-09','1973-04-21'),(56,3,'1970-02-09','2021-09-08','1980-08-13','1992-03-15','1997-03-06'),(57,2,'2007-06-04','2009-09-16','2005-03-14','1979-01-15','1981-07-29'),(58,9,'1998-05-05','2009-09-24','1975-01-27','2022-06-13','1995-04-03'),(59,5,'1972-09-04','2022-05-26','1980-03-20','1994-10-06','2007-09-27'),(60,5,'2012-03-15','2003-03-05','2017-06-26','2005-03-24','1994-04-11'),(61,1,'1994-04-29','1987-12-24','2012-12-27','1990-03-28','1974-05-23'),(62,1,'2009-09-30','1979-12-30','1988-02-13','1984-11-13','1984-08-19'),(63,4,'2014-04-20','2015-12-15','2000-07-08','1991-10-17','2015-09-20'),(64,6,'1978-03-22','1992-09-06','1980-11-01','1977-09-03','2000-07-31'),(65,7,'1988-06-18','1997-02-11','1976-04-12','2009-12-06','1976-02-10'),(66,2,'1977-10-03','1972-11-10','1998-07-19','1990-03-09','2021-09-01'),(67,1,'1984-01-11','1979-06-23','1992-02-16','1990-10-11','1996-02-11'),(68,0,'1977-08-10','2010-04-17','2018-07-10','1984-04-24','1989-12-26'),(69,4,'2014-09-16','1970-10-21','1974-02-07','2018-09-24','1981-11-16'),(70,1,'1971-12-25','2004-08-15','1970-02-01','2000-01-01','1974-11-03'),(71,5,'2021-04-16','1991-02-13','2015-10-18','1993-10-09','1982-06-03'),(72,4,'1981-11-06','1991-10-14','2011-04-18','2007-01-11','2015-06-06'),(73,1,'2014-06-28','1989-03-06','2001-05-02','2011-06-29','1988-09-02'),(74,1,'1975-03-29','1992-04-02','1990-07-10','2002-02-27','2018-09-28'),(75,6,'2003-11-10','1979-12-04','1978-04-20','2001-02-01','2010-04-18'),(76,7,'1978-01-05','1970-03-09','1990-09-09','2022-11-30','1973-02-03'),(77,4,'1976-11-19','2001-08-28','2004-04-15','2013-05-16','1989-10-21'),(78,2,'2008-03-05','1986-12-17','2011-06-03','2014-08-31','1985-09-01');

INSERT INTO rpp VALUES (1,'1045',1,297,'Et non maxime vel sit quo. Quia officiis ut voluptatem est. Alias est veniam cumque sapiente molestiae nesciunt quia. Sed tempora corporis natus dolor quae.','en tramite'),(2,'1046',2,967,'Eveniet reiciendis non in nostrum. Voluptas quibusdam odit voluptatibus.','si'),(3,'1047',3,217,'Omnis iure nam quia saepe ullam est magni reprehenderit. Explicabo sed delectus sit ullam voluptatem et iure. Magni iure esse et eius corporis. Veritatis labore beatae vel consequatur similique.','reingreso'),(4,'1049',4,99,'Rerum incidunt mollitia hic omnis omnis vitae. Sunt molestias quis corporis eveniet. Modi facere autem totam impedit quae.','reingreso'),(5,'1050',5,834,'Sed vel cumque sapiente itaque. Quo doloribus consequatur aut qui et. Tempora iusto voluptas pariatur voluptate tempora odit id.','en tramite'),(6,'1052',6,660,'Officia quia voluptatibus dolor quo. Sed earum veritatis itaque quia rerum. Eos et officiis vitae non et.','en tramite'),(7,'1053',7,87,'Vel qui non est fugiat est. Sit asperiores quos esse saepe dolores vel nulla. Neque nesciunt et et et fuga facilis et ipsum. Rerum recusandae laboriosam natus quia sed laboriosam.','si'),(8,'1071',8,862,'Accusamus itaque dolores dolore rerum sunt cumque corrupti cupiditate. Libero laborum quidem deleniti et odit et. Laboriosam optio amet et consequatur ipsam. Esse officia earum occaecati nihil dolor.','reingreso'),(9,'1088',9,46,'Et suscipit corrupti dolorem dolore aut ducimus qui. Beatae et qui recusandae est voluptate sint consequatur. Omnis et aliquid neque qui nihil illum eaque. Fugit repellat sed nihil vel quia.','saldo insuficiente'),(10,'1089',10,759,'Possimus fugiat ea itaque labore vel. Sint non earum ipsum labore unde sed totam. Occaecati eum eligendi qui molestiae.','si'),(11,'1094',11,953,'Aut nam vel quis natus. Quia quasi sunt illum saepe mollitia quo nihil. Ut eius ex sunt ut qui molestias.','rechazado'),(12,'1118',12,394,'Provident voluptates minus distinctio impedit. Consectetur quaerat dicta unde porro maiores facilis. Ipsum pariatur est voluptatem. Aut sed sint perferendis ea.','rechazado'),(13,'1126',13,601,'Iste quod mollitia labore consequatur. Odit iure minima provident ipsa et reprehenderit expedita.','en tramite'),(14,'1133',14,78,'Veritatis odio quibusdam est soluta sequi commodi. Architecto nihil et et. Dignissimos debitis aut non.','si'),(15,'1136',15,563,'Perspiciatis dicta ullam repellendus cumque aut beatae qui non. Sed sed molestiae omnis ut aspernatur quia. Ullam odit fugit necessitatibus aspernatur explicabo quia cupiditate.','reingreso'),(16,'1146',16,449,'Similique doloribus eligendi et aut ut veritatis. Neque vitae explicabo est quisquam ipsam. Veritatis corrupti qui labore eum. Quod atque deserunt odit perspiciatis alias voluptas.','en tramite'),(17,'1166',17,925,'Pariatur ex odit facere aut. Qui dignissimos ipsum dolor consequatur qui nostrum ea. Sit voluptas dolor minus quidem eos omnis minima. Ipsam est hic quaerat minus saepe.','en tramite'),(18,'1169',18,225,'Dolore debitis perferendis voluptatem. Magnam reiciendis minus nihil nisi delectus. Repudiandae impedit dolores maxime ipsum praesentium recusandae. Voluptates et ipsa illum.','si'),(19,'1181',19,739,'Illum et hic animi omnis temporibus et quasi. Ut ea deserunt non non in sed. Qui harum non sapiente quia consectetur.','en tramite'),(20,'1184',20,707,'Magni repellat exercitationem et ducimus. Repudiandae odio provident maiores. Corporis nemo aut enim et voluptatibus qui qui. Voluptatem repudiandae illo omnis eius odit autem illo.','rechazado');

INSERT INTO aviso_definitivo (folio_rpp,fecha_presentado,fecha_salida,fecha_vence) VALUES (46,'1997-01-24','1993-01-28','1988-07-12'),(78,'2011-04-23','1987-08-24','1981-10-03'),(87,'1975-12-16','1997-01-05','1990-09-07'),(99,'1995-10-27','2011-05-07','2001-04-04'),(217,'1984-07-18','1979-08-21','1992-06-25'),(225,'2021-11-13','1996-12-31','1998-12-26'),(297,'2019-10-06','2006-10-23','2005-03-19'),(394,'1973-04-02','1977-04-03','1988-03-30'),(449,'2015-01-10','1972-03-11','2016-08-22'),(563,'1991-12-05','1972-10-31','1977-12-28'),(601,'2002-06-24','1997-10-02','1972-05-21'),(660,'1990-02-27','1991-07-03','1970-06-28'),(707,'2018-07-13','2018-05-03','1973-08-19'),(739,'1975-02-15','2005-04-05','1986-06-01'),(759,'1977-11-08','1974-08-08','2001-03-07'),(834,'1972-09-16','1988-02-21','2011-03-02'),(862,'1997-10-01','1984-10-10','2009-06-22'),(925,'2011-03-04','2016-06-12','2000-05-23'),(953,'1980-10-18','2012-04-01','1985-01-14'),(967,'1993-07-30','2010-02-23','2003-09-25'),(46,'2021-07-07','2005-08-13','2005-02-27'),(78,'2016-11-22','2015-11-02','1975-12-08'),(87,'1987-12-29','1987-09-24','1995-08-01'),(99,'1994-05-14','1988-11-03','2005-11-15'),(217,'1972-08-20','1987-12-10','2002-09-27'),(225,'1993-02-18','1985-05-25','1986-08-29'),(297,'2010-01-16','1976-07-10','1979-06-07'),(394,'2021-01-09','1993-09-01','1983-02-07'),(449,'1979-05-08','1980-09-07','2015-09-17'),(563,'2008-10-31','1987-02-14','1972-03-26');

INSERT INTO cc_fechas_cc VALUES (1,1),(2,2),(3,3),(4,4),(5,5),(6,6),(7,7),(8,8),(9,9),(10,10),(11,11),(12,12),(13,13),(14,14),(15,15),(16,16),(17,17),(18,18),(19,19),(20,20),(21,21),(22,22),(23,23),(24,24),(25,25),(26,26),(27,27),(28,28),(29,29),(30,30),(31,31),(32,32),(33,33),(34,34),(35,35),(36,36),(37,37),(38,38),(39,39),(40,40),(41,41),(42,42),(43,43),(44,44),(45,45),(46,46),(47,47),(48,48),(49,49),(50,50);

INSERT INTO ctd_fechas_ctd VALUES (1,1),(2,2),(3,3),(4,4),(5,5),(6,6),(7,7),(8,8),(9,9),(10,10),(11,11),(12,12),(13,13),(14,14),(15,15),(16,16),(17,17),(18,18),(19,19),(20,20),(21,21),(22,22),(23,23),(24,24),(25,25),(26,26),(27,27),(28,28),(29,29),(30,30),(31,31),(32,32),(33,33),(34,34),(35,35),(36,36),(37,37),(38,38),(39,39),(40,40),(41,41),(42,42),(43,43),(44,44),(45,45),(46,46),(47,47),(48,48),(49,49),(50,50);

INSERT INTO rpp_fechas_rpp VALUES (1,1),(21,1),(41,1),(2,2),(22,2),(42,2),(3,3),(23,3),(43,3),(4,4),(24,4),(44,4),(5,5),(25,5),(45,5),(6,6),(26,6),(46,6),(7,7),(27,7),(47,7),(8,8),(28,8),(48,8),(9,9),(29,9),(49,9),(10,10),(30,10),(50,10),(11,11),(31,11),(12,12),(32,12),(13,13),(33,13),(14,14),(34,14),(15,15),(35,15),(16,16),(36,16),(17,17),(37,17),(18,18),(38,18),(19,19),(39,19),(20,20),(40,20);


INSERT INTO fechas_catastro_calif VALUES (1,1,'1986-09-12','2004-03-16','Sint voluptatem ea voluptatibus et aut est maiores. Eaque tempora adipisci optio ut. Dolorem accusamus quia id mollitia suscipit non alias.'),(2,2,'2013-07-11','1986-02-22','Ut qui aspernatur minima officia magnam in corporis. Quo dolorem mollitia quidem qui. Ut fuga distinctio nihil. Natus aut fugiat veritatis dignissimos architecto et.'),(3,3,'2022-04-26','1993-11-17','Ad odio unde quo qui. Impedit iste qui officiis sequi. Quod itaque veniam tempora accusamus. Sit expedita ut autem natus nulla.'),(4,4,'2014-06-05','1990-09-18','Et quis non aut asperiores qui culpa. Iure velit quo praesentium assumenda. Et ut earum aut quia adipisci.'),(5,5,'2002-11-02','2014-01-03','Dolorem dicta exercitationem quidem qui nesciunt voluptatem. Qui eius repellat ut illo omnis et unde maiores. Rem error sunt repellat sint.'),(6,6,'1972-05-26','1988-03-28','Sed tempora aut a nihil omnis est ab. Quae et maiores sapiente. Cumque qui qui ducimus hic voluptatibus repudiandae illum. Ducimus aut laboriosam doloremque harum est numquam saepe.'),(7,7,'1976-03-05','1989-03-03','Enim at hic aut ut fugit dolores nihil. Vel sit ea corrupti cupiditate sunt consectetur. Illo vel velit aut animi repudiandae. Qui assumenda deleniti veritatis tempora quis.'),(8,8,'2017-12-28','2001-12-22','Vitae omnis tempore earum dolor voluptates tenetur. Eligendi assumenda iure accusantium sint nulla est. Ut consequatur impedit minima fuga voluptatum nulla est.'),(9,9,'1990-07-03','1981-07-31','Tempore eum eligendi deleniti adipisci sunt dolor. Quia nesciunt magnam qui cumque. Sit veniam praesentium ut quia. Maiores similique necessitatibus occaecati voluptatem corporis officia odio.'),(10,10,'1992-05-15','2020-11-01','Sunt aut ducimus quas. Aliquam velit incidunt labore magni. Quia enim voluptas natus deserunt nihil aut omnis amet.'),(11,11,'2023-02-14','1989-01-30','Cupiditate quos aut consequatur quam eaque quis voluptatem fugiat. Atque a eos et nisi qui qui. Est unde omnis non praesentium et est quaerat nobis.'),(12,12,'1996-04-15','1986-07-07','Est quia quo sit et architecto natus. Dolorem quibusdam illo enim. Et rerum et quasi quia corporis.'),(13,13,'1983-07-27','2003-12-14','Qui et delectus expedita sapiente delectus mollitia et. Voluptates at dolorem amet voluptatem et. Est provident qui dolorem qui hic omnis error. Aut ut odit ullam voluptates voluptate.'),(14,14,'2023-01-03','1976-03-03','Repellendus voluptas perferendis nesciunt et dolores. Sed suscipit facilis aut impedit. Quaerat dolorem exercitationem iusto doloribus magni est. Consectetur pariatur ducimus beatae aut quia a.'),(15,15,'1975-01-05','2016-12-07','Omnis quo harum recusandae occaecati. Explicabo sed dicta eius et incidunt est. Consequuntur eos est sint aliquam ab.'),(16,16,'1990-06-25','2017-11-28','Asperiores minus inventore earum suscipit id. Alias ut deleniti repudiandae hic necessitatibus dolores. Neque tempore vel aliquid minus odit dicta et.'),(17,17,'2014-07-05','2007-07-05','Amet molestiae et blanditiis facere blanditiis assumenda et. Excepturi error sunt impedit aut laboriosam. Aspernatur reprehenderit accusantium ea. Quae eaque quos sed natus.'),(18,18,'1987-03-03','1999-03-25','Minima non labore soluta quas aliquam cumque repellendus. Nisi reiciendis odit voluptates consequatur occaecati. Fugit assumenda beatae aperiam cumque fugit dolores.'),(19,19,'2003-05-04','1982-09-03','Et voluptatem recusandae sunt qui et molestiae et. Fuga velit iure rerum atque. Hic quos libero nostrum.'),(20,20,'1979-03-23','2021-11-28','Soluta rerum aspernatur dicta qui voluptates pariatur. Neque accusantium fuga ipsum. Facere beatae et quos qui fugit necessitatibus. Est consequatur veritatis aperiam blanditiis.'),(21,21,'1977-02-17','2010-12-19','Veritatis fugiat aperiam maxime est. Quisquam laboriosam at enim commodi qui. Totam ducimus modi animi in qui suscipit ipsam.'),(22,22,'2003-06-18','1998-01-03','Debitis deleniti ullam facere. Nam sed culpa et ipsum aut qui. Odit quia consectetur cum odit ipsa ex. Nihil consequuntur aperiam itaque mollitia consequuntur eos.'),(23,23,'2003-01-04','1995-10-16','Autem doloremque consequuntur vero molestias perferendis fugit. Dolorem maxime ipsa aut eum in numquam. Est enim quidem et dolores. Est ratione voluptatum aut illum facere rerum.'),(24,24,'2011-09-01','2002-08-03','Voluptates nihil quia sed. In quibusdam dicta facere consequatur atque. At in deserunt molestiae qui culpa quo officiis pariatur. Perspiciatis exercitationem aut quisquam fugit alias quod.'),(25,25,'1994-09-04','2019-07-26','Dicta placeat sequi quis ipsa aliquid modi dicta. Veritatis architecto officia sed voluptas neque est.'),(26,26,'2021-03-02','1972-04-05','Aspernatur aut veniam laboriosam architecto. Numquam magnam dolor beatae ab. Iure quis ea autem accusantium expedita ipsa at repudiandae.'),(27,27,'1970-05-02','2006-06-11','Accusantium id saepe quis maxime at aliquam sapiente. Vero maiores eum aut quidem omnis ut totam eligendi. Sit aut ea quam sint nulla et odio perspiciatis.'),(28,28,'1976-04-13','1979-09-26','Voluptatem dolor qui velit consequatur. Iusto et dolores possimus cum. Ab mollitia eveniet illum est. Iusto laboriosam ratione quibusdam sapiente et. Nam ea amet accusantium.'),(29,29,'1999-11-06','1981-06-26','Est fuga eos illum eos libero non. Rerum aut molestiae voluptatum omnis eius. Officiis esse sed eaque cupiditate.\nQuia vero sed vel ducimus. Iure omnis autem omnis aut quisquam quos ducimus ut.'),(30,30,'1979-12-15','2006-12-15','Eos eligendi enim deserunt et quia. Quasi eveniet quos necessitatibus occaecati necessitatibus facilis. Consequatur dolores eum fugiat. Consectetur optio voluptas aut ducimus non autem quis.'),(31,31,'2021-03-08','2010-01-07','Aut occaecati aut occaecati voluptatem id saepe. Dolor magni ut dolores. Velit dicta labore quisquam aliquid tempore. Sapiente et nemo ab voluptas.'),(32,32,'1977-10-19','1970-05-25','Repudiandae exercitationem ut iure voluptate aspernatur rem. Saepe eum in iure perferendis nihil. Modi alias tempore quis eos. Nemo quo assumenda corrupti eligendi sunt.'),(33,33,'1981-04-30','2017-07-12','Consequatur quisquam enim alias neque laborum sit est ex. Fugiat dolor consequatur velit inventore. Quo facere ut voluptatem.'),(34,34,'2013-09-17','2022-05-06','Omnis ullam illum assumenda ratione et. A excepturi id doloremque quos ipsum nulla. Qui et sunt culpa minus.'),(35,35,'2010-09-10','2002-10-23','Ex voluptatem architecto cum voluptas. Odio officiis officiis deserunt. Provident at alias ut quia atque quisquam. Sed est ut quia earum. Tempora fugit qui sit ut fuga in.'),(36,36,'1974-07-28','1977-12-18','Voluptatem maxime consequatur officia numquam. Adipisci quia perferendis mollitia temporibus ut voluptatibus eveniet consequatur. Vel suscipit sapiente ut voluptatem optio dolores eum quo.'),(37,37,'1985-05-21','2002-03-14','Iste architecto mollitia et ut quia dolor. Magni quaerat omnis voluptatibus tenetur dolore numquam. Adipisci distinctio voluptatibus ut quis modi.'),(38,38,'1982-09-28','1970-09-14','Voluptates consequuntur dolorum aperiam ipsam nulla accusantium. Repellat aut ipsam dicta iure omnis dignissimos culpa nobis. Veniam id aliquam omnis iusto.'),(39,39,'1987-12-04','2006-09-10','Rem corporis eum aliquid eos. Sed tempora sed quas atque suscipit perspiciatis. Suscipit qui ipsa voluptas aut quod libero asperiores.'),(40,40,'1970-01-11','1974-04-17','Dolores tenetur omnis numquam odio mollitia quod. Architecto qui laborum voluptatem blanditiis sint consequatur. Et fugit ipsum omnis incidunt exercitationem rerum.'),(41,41,'1975-03-16','1975-04-18','Rerum ipsam rerum rerum. Ipsa sit expedita qui modi assumenda dolorem. Blanditiis et occaecati nihil. Eum ut debitis asperiores consequatur quisquam asperiores voluptatem.'),(42,42,'1974-01-13','2017-05-17','Asperiores dolor nemo in ut. Cumque iusto atque impedit aut. Eligendi dolores iure quae cupiditate excepturi doloribus soluta. Ea rem dolorum sed fuga blanditiis tempore unde.'),(43,43,'2001-02-13','1979-06-04','In iusto qui ducimus neque quae rerum ea expedita. Saepe voluptate dolorum ipsam modi doloribus repellendus. Praesentium omnis cupiditate quam illo asperiores.'),(44,44,'1984-11-11','1987-01-31','Quis sit laudantium consequatur est omnis quas sit. Harum nihil et sunt. Velit sapiente veritatis eos maxime molestias placeat.'),(45,45,'1974-11-30','1970-02-17','Est nesciunt sit adipisci occaecati corrupti facilis sint tempora. Quibusdam velit reiciendis similique.'),(46,46,'1991-06-10','1983-10-08','Accusantium neque qui quod. Quia velit non doloremque sed saepe eius. Aut aut delectus quae porro ut placeat. Quam qui odio ut accusantium.'),(47,47,'1970-08-24','1990-05-14','Sed officia similique qui quisquam. Hic delectus autem voluptas et sunt earum quibusdam. Id ullam aut et iusto.'),(48,48,'1993-05-07','2012-09-27','Laboriosam delectus deleniti expedita nihil debitis corrupti. Quas pariatur harum ut incidunt provident earum.'),(49,49,'1989-07-09','2019-01-10','Impedit qui maiores placeat minus dolor. Consequatur numquam odio dolorum voluptas necessitatibus. Consequatur sunt sunt unde sed quasi velit deserunt dolorum.'),(50,50,'1999-08-24','1987-12-19','Rerum iure rerum neque excepturi atque voluptate. Quia vel consequatur distinctio est inventore aut. Reprehenderit dignissimos aspernatur sint corporis.'),(51,1,'2022-02-07','2017-05-28','Non sed qui porro ut quis voluptatum sint. Libero alias molestias quis ea voluptate eaque.'),(52,2,'2011-11-11','2011-10-23','Voluptas velit velit asperiores dolorem vero ut. Itaque nemo deserunt eligendi a. Modi quas optio labore numquam sapiente rerum. Nisi illum doloribus fugiat officiis ut accusantium.'),(53,3,'1970-03-21','1979-08-23','Quis quisquam laborum dolorem. Eaque omnis deserunt incidunt perspiciatis. Quidem sed velit distinctio velit. Inventore unde corrupti accusantium rem amet officia.'),(54,4,'1985-11-23','1974-07-30','Ipsa iste et maiores. Omnis nisi reprehenderit laborum vel. Qui velit deserunt illo assumenda est repellendus. Ipsam labore distinctio provident magnam unde quibusdam.'),(55,5,'2020-09-28','2017-01-04','Asperiores excepturi est facilis architecto vel ex nostrum. Dolor dolor non dicta nostrum. Reprehenderit et quisquam id vel dignissimos nobis esse saepe.'),(56,6,'1976-02-18','1984-07-05','Quae culpa odit et totam eum. Et iusto dolor maxime nulla. Eos consequatur est autem qui et. Tempora voluptatem hic mollitia numquam.'),(57,7,'1976-06-29','1972-03-21','Maxime repellat laborum corrupti facilis natus. Illum nulla voluptatem facere reiciendis architecto. Voluptatibus non qui sapiente hic ipsam. Odio quia rerum qui veritatis vel.'),(58,8,'2008-08-23','1974-05-09','Quo totam quo esse molestiae. In occaecati aut minus tenetur doloribus debitis animi. Illo vel ut non et dolorem numquam.'),(59,9,'1982-06-28','1979-03-16','Optio voluptate et non qui molestiae alias. Magni saepe sint est. Hic qui aperiam enim ea. Explicabo maxime quia eveniet voluptatem.'),(60,10,'1989-06-24','1974-03-01','Sapiente consequuntur a molestias quo nemo. Dolor qui qui error dolorem quisquam sit. Atque temporibus blanditiis ea. Vero odit ex iure ut.');

INSERT INTO fechas_catastro_td VALUES (1,1,'2015-01-14','1973-10-20','Ut qui commodi vitae aut sequi minus. Fuga repudiandae sapiente iste labore recusandae. Temporibus et natus quaerat occaecati omnis iure. Esse alias sed maxime et dolore similique sint.'),(2,2,'1985-07-10','2011-12-11','Asperiores reprehenderit aut pariatur sed ab quia aut. Nemo soluta est placeat qui dolore neque libero odio. Distinctio sint voluptatibus quam ut hic omnis unde. Non molestiae nam fugiat impedit.'),(3,3,'2018-12-10','1993-10-30','Quas sit a id est. Rerum culpa quia velit beatae. Quidem qui qui minus.'),(4,4,'1990-08-10','1996-02-09','Ut eos odit reiciendis dolorem sed perferendis. Eos recusandae ut aperiam eum perspiciatis voluptatem autem perferendis. Nihil repudiandae quo et qui tempora voluptatibus reiciendis placeat.'),(5,5,'2006-11-16','1998-06-18','A sapiente commodi aliquam consequatur. Omnis nam consectetur impedit laudantium. Qui consequatur maxime veritatis aperiam aut id esse.'),(6,6,'1985-11-09','2019-11-05','Explicabo rerum similique eos eum harum voluptate. Nostrum aut molestias perspiciatis sed fuga quos adipisci. Debitis qui sint quia itaque. Est cum molestiae fuga blanditiis.'),(7,7,'1971-02-08','2008-01-09','Ut illum et illo natus. Est quam quidem nemo quo fuga. Hic aut at saepe aut reiciendis.'),(8,8,'1983-03-18','1992-01-13','Perferendis neque neque dolorum sint quis autem. Rerum ab quis tempore omnis in quo at. Corrupti quia qui incidunt quae aut.'),(9,9,'1970-12-16','1974-11-18','Unde reiciendis facere excepturi tempore ea ea tenetur. Et deleniti inventore molestias sunt facere. Qui qui rem quasi et occaecati id.'),(10,10,'1998-01-15','1993-01-18','Quidem aliquid blanditiis nostrum animi commodi quibusdam laborum provident. Ad consequatur ex reprehenderit possimus. Exercitationem velit minus dolor.'),(11,11,'2020-01-16','1989-06-04','Recusandae error eaque et illum quibusdam vel sapiente. Ut veniam quos veritatis deserunt.'),(12,12,'2007-07-21','1997-11-18','Atque dolor quo quibusdam ut. Eos eos ratione totam alias corporis et. Reiciendis culpa doloribus sapiente iusto qui autem.'),(13,13,'1972-09-18','1986-01-11','Totam non et accusamus facilis consequatur. Voluptatem a quas fuga dolores dolores vitae. Qui nemo cupiditate modi soluta est distinctio eligendi. Explicabo est ut harum ut ab modi possimus.'),(14,14,'1992-04-17','2020-08-20','Dolores minima laboriosam dolor omnis autem vel. Voluptates non veniam molestiae ipsam qui sed. Est animi saepe voluptas ex odit.'),(15,15,'2020-04-17','1971-05-18','Dolorum et tempora ea voluptatem laborum non quam eaque. Quis eveniet sit distinctio. Modi voluptatem inventore iusto error voluptatum aspernatur.'),(16,16,'1970-05-23','1980-01-24','Quasi maxime culpa qui voluptas laudantium sed et. Non vel qui porro quia et animi non. Exercitationem est sed incidunt.'),(17,17,'2015-03-29','1970-10-30','Aperiam ut unde laborum dignissimos eos. Fuga eaque corrupti est repellat. Deserunt consequuntur natus et autem.'),(18,18,'1997-05-18','1992-08-27','Reiciendis explicabo aut quae. Quos sit sapiente facilis modi occaecati. Beatae nemo unde et eos voluptatum quaerat at reprehenderit.'),(19,19,'1988-01-22','2010-09-28','Adipisci et debitis similique nesciunt et veritatis et. Aut ut minus eum nemo pariatur sint. Repellat quisquam adipisci rerum quia non voluptates. Voluptatem nisi ut minima nulla.'),(20,20,'1983-02-28','1980-06-26','Illo sit nobis quia sed alias autem sequi et. Occaecati voluptates consequuntur iste possimus. Aliquam et est aut porro labore ipsam non libero. Corporis sed assumenda placeat qui ut nihil.'),(21,21,'1993-08-26','1971-12-02','Omnis numquam neque autem et. Ducimus repellat adipisci vel ut velit. Ad delectus soluta doloremque velit culpa sunt natus.'),(22,22,'2016-10-14','1997-08-16','Quisquam corporis voluptates nihil delectus dolorum sint temporibus. Natus quam aut iusto doloribus. Maxime provident itaque velit dolor unde necessitatibus et.'),(23,23,'2001-02-17','2009-03-08','Eveniet sed sed praesentium itaque dolor delectus. Quia et nam dolores quaerat eum. Ducimus reprehenderit enim consequatur quasi porro. Modi beatae similique dolorem voluptatem et eum.'),(24,24,'2022-08-25','1982-03-19','Et labore dolores quis fugit laborum quia. Qui consequuntur omnis distinctio doloremque non nemo earum. Sunt fugit aut quasi optio quod voluptas voluptatum. Qui eum est voluptatum magnam excepturi.'),(25,25,'1978-02-18','1981-12-02','Quos quis eligendi sunt rerum in voluptatem provident similique. Culpa ut illo enim repudiandae similique. Qui qui sed rem accusantium.'),(26,26,'2011-09-02','1976-09-27','Dolor laudantium quidem ipsum aliquam aliquid. Numquam ut fugiat voluptatem quibusdam et eum tenetur. Eum tempora cupiditate perspiciatis voluptate dolor.'),(27,27,'1985-03-15','2005-08-31','Ut in harum autem natus. Velit consequatur ut nesciunt earum. Qui beatae excepturi aut tempora dolores dolores corporis.'),(28,28,'1995-06-29','1976-08-15','Aspernatur asperiores aut est. Fugiat est natus mollitia id repellat at rerum.\nSint corrupti eos et optio enim. Omnis architecto quo omnis rerum molestiae eum et. Tempora eos nobis rerum eius.'),(29,29,'2016-06-08','2013-06-19','Recusandae assumenda in placeat omnis blanditiis ut. Facere quia et voluptatem dolore suscipit aliquid.'),(30,30,'1973-09-01','2012-07-22','Odio quasi libero sed. Dicta aut et dicta et.'),(31,31,'1980-01-20','1989-04-23','Ut qui provident omnis non. Est fugiat consequatur similique perspiciatis expedita ullam porro. Voluptatem odio pariatur omnis alias distinctio dolor qui. Voluptas sapiente dolor illo iure aut ut.'),(32,32,'1987-07-06','1974-08-03','Nihil veritatis nulla corrupti inventore voluptatem tempore voluptas. Aut dolor illo nisi. Sint mollitia vero harum quia.'),(33,33,'2016-04-21','2005-11-07','Saepe quo ipsam libero delectus magnam. Non iste quis quasi. Recusandae ut consequatur voluptates est necessitatibus magnam quasi. Ipsa vel dolor delectus maiores voluptas qui adipisci.'),(34,34,'1992-11-29','1993-05-12','Sint sed et dicta accusamus. Laudantium voluptatem dolor aut molestiae et beatae animi. Officiis atque et distinctio quae. Voluptatem voluptas minima vel illum quasi molestias.'),(35,35,'1989-05-22','1972-06-01','Aliquam maiores ex sint odio natus. Veritatis aut dolorem eaque ipsum esse. Sit aut dolore culpa culpa et dolorem.'),(36,36,'2017-03-24','1981-12-09','Soluta excepturi sunt amet animi velit. Pariatur rerum ab enim ad illo. Et eos numquam recusandae tempora dolor. Consequatur commodi fugit et sint beatae.'),(37,37,'2004-03-30','2001-05-16','Ut fuga ab quia reprehenderit at ad. Alias ipsa reprehenderit nobis non deleniti atque. Aut error eum expedita non quo.'),(38,38,'2008-08-30','1978-02-17','Quas beatae facilis rem delectus voluptate provident libero. Quidem natus cupiditate omnis omnis omnis et. Modi voluptatem iure omnis nisi.\nOccaecati minima quisquam ratione. Velit et id est sint.'),(39,39,'1993-03-04','1972-09-27','Necessitatibus ipsa quo optio enim odit vel. Neque in quisquam laudantium enim. Nihil officia modi tempore rerum omnis saepe. Dolor dicta ea laudantium et repellendus aspernatur veritatis.'),(40,40,'1990-07-06','2003-06-21','Nesciunt perferendis autem rerum eos et culpa. Libero amet deleniti est ea voluptas assumenda. Quasi eligendi ullam ut ab sequi accusantium aspernatur. Dolor facilis quos architecto.'),(41,41,'1973-04-03','1973-05-27','Exercitationem beatae ut et. Et voluptatem adipisci maiores minus.'),(42,42,'1980-08-08','1977-02-27','Atque doloribus ex nulla corrupti occaecati amet sint et. Quidem atque sint laborum incidunt vel eos doloremque. Minus quisquam velit et. Eos dolores corrupti in hic corrupti sint aut.'),(43,43,'1994-03-09','1993-12-11','Doloribus tempora omnis libero velit autem. Error similique similique fugiat et ipsa. Dolore fugiat voluptas ipsam iusto.'),(44,44,'2005-07-14','1989-09-29','Aut enim incidunt exercitationem magni ab ut consectetur est. Reiciendis voluptate est suscipit nobis. Est odit neque commodi non possimus. Et voluptatem ratione et repudiandae autem sed.'),(45,45,'1999-06-03','2011-08-01','Quibusdam qui modi provident qui sit aut. Tempore qui in porro quod ad architecto natus. Omnis quis earum et. Dolorem quo commodi cupiditate illo.'),(46,46,'1979-07-31','1979-09-24','Possimus distinctio quo sunt ab. Laborum voluptas commodi magni laborum odio dolor provident.'),(47,47,'2004-05-25','2012-04-11','Vel minima vitae odit ut. Perferendis ut doloribus placeat inventore omnis voluptatem et. Quis illum iste ipsum corrupti inventore omnis.'),(48,48,'2018-10-17','1986-12-18','Aperiam fugiat pariatur doloremque deleniti aut vero non. Officia iure sunt esse autem soluta deserunt. Tenetur id dolorum sed. Facere voluptatem et nam sunt.'),(49,49,'2001-11-08','1989-06-03','Adipisci assumenda et eligendi delectus quisquam praesentium veniam porro. Molestiae et molestiae vero libero nihil qui.'),(50,50,'2008-11-19','1977-05-11','Deserunt quod sit eum. Corporis voluptas earum laudantium ipsam. Possimus explicabo sunt et ut perferendis. Laboriosam animi aliquam earum voluptatum odit illum aspernatur.'),(51,1,'2016-03-03','2017-12-07','Non impedit fugiat assumenda enim aut fuga aut. Dolorem rerum quia molestiae repellendus quia. Libero assumenda sed ut aut quia eaque.'),(52,2,'2006-07-14','1970-02-09','Id et exercitationem ut similique explicabo. Vitae rerum voluptatem consequatur et optio exercitationem molestiae. Ullam aut quia sint nesciunt voluptas minus est. Asperiores blanditiis id aut.'),(53,3,'1993-05-24','1981-02-15','Est sed cum ut in. Aliquid sunt quia non sed sint qui recusandae. Voluptatem voluptate voluptate rem voluptas.'),(54,4,'2016-09-02','1977-12-25','Doloremque nemo quam eligendi quas officiis aut. Maxime voluptatem ut impedit beatae. Tempore sequi vel amet et expedita suscipit. Et velit ut accusantium modi qui aliquid.'),(55,5,'1977-12-02','1971-09-14','Maiores quia est fugit qui beatae dolorem. Expedita totam et architecto omnis magnam esse. Nulla deserunt expedita assumenda. Similique quidem vitae est voluptatem.'),(56,6,'2012-02-23','1986-10-24','Libero quam adipisci aut facere fugit sapiente. Sed minus rem eos et numquam magnam libero.'),(57,7,'1982-03-20','1991-05-01','Veniam delectus provident qui. Sint nihil nobis sint dolore eligendi. Veritatis et in qui architecto. Minus quia blanditiis voluptas velit.'),(58,8,'2004-09-09','2008-02-14','Omnis voluptatem quis culpa reiciendis nam quia nobis at. Quia ut sint vel consequatur fugiat corrupti ullam. Quo quibusdam voluptas et tempora saepe assumenda qui.'),(59,9,'2004-01-16','2001-04-30','Eius quis labore eum eligendi numquam et dicta mollitia. Id possimus deserunt alias occaecati voluptate possimus. Cum ex tempore ea sit sunt optio. Numquam molestias molestiae distinctio quibusdam.'),(60,10,'1972-12-03','2000-12-18','Quaerat consequuntur dolor aut. Eum reiciendis est et. Perferendis non magni aut deserunt esse nesciunt fuga. Tempore qui nemo aut tenetur.');

INSERT INTO fechas_rpp VALUES (1,1,'1979-05-21','1987-12-09','Placeat ut sint nulla. Fuga quas et amet vero nemo quis. Modi consequatur quis sed omnis nulla. Enim optio et quos sunt magni quaerat enim sed.'),(2,2,'2006-11-19','1977-03-02','Rerum non totam ipsa maxime nobis sint alias. Id aut accusamus dignissimos quis dolorem amet aut. Vel beatae natus et laboriosam impedit repudiandae.'),(3,3,'2009-05-02','2008-01-06','Excepturi est sed nobis aut est. Eos et nihil hic rerum. Qui ex doloremque et eos perspiciatis. Et est id debitis temporibus praesentium quo.'),(4,4,'1990-11-12','1976-03-25','Dignissimos maiores aut expedita iste nihil explicabo. Ipsa aperiam voluptatum in sit. Corporis qui sapiente odio consequuntur officiis. Et laboriosam voluptates veniam quisquam aut.'),(5,5,'1993-09-18','1977-03-14','Ratione impedit blanditiis nam laborum. Ipsam soluta quis exercitationem labore culpa. Aliquid facere rerum vero reprehenderit magnam fugit.'),(6,6,'1990-11-20','2015-01-09','Dignissimos qui non ducimus et autem. Quidem ducimus velit quia non distinctio itaque. Accusamus ratione a earum eum. Officia est reiciendis molestiae blanditiis ipsum consequuntur error.'),(7,7,'1984-07-27','1999-09-12','Ducimus qui aliquid inventore est in. Similique suscipit deleniti nemo voluptatem expedita nostrum. Quod eum facere architecto exercitationem incidunt numquam quis. Saepe praesentium qui modi.'),(8,8,'2008-04-24','1972-07-06','Aliquam eos rerum nostrum doloremque. Corporis repudiandae ut excepturi repellendus et. Fuga et eveniet cumque eaque et sed in.'),(9,9,'2002-02-25','1980-03-15','Cum vitae quae et quo. Aperiam ratione numquam consectetur rerum sapiente. Totam voluptas aperiam corrupti aspernatur delectus aut et. Dolorem modi sint esse libero sunt officia rerum.'),(10,10,'1984-08-24','1976-03-23','Dolor ut aliquam sequi est ea sunt. Commodi delectus ipsam et necessitatibus quod. Fugit repellat est numquam voluptatum. Asperiores nostrum ipsam illum aspernatur tempore voluptas.'),(11,11,'1991-01-18','1993-02-06','Enim ut odio aut blanditiis laudantium. Illo delectus debitis aspernatur voluptas nesciunt. Explicabo qui qui nostrum velit.'),(12,12,'1992-10-08','2012-06-10','Consequuntur minus ducimus est fugiat. Hic aut facilis ipsa.'),(13,13,'2012-07-22','1981-04-02','Est perspiciatis ut modi error sit quibusdam. Ut rerum nihil rerum quo enim quo. Velit nulla velit est. Illum pariatur voluptas voluptatem est non assumenda.'),(14,14,'2009-09-25','2016-03-06','Omnis nisi odio cumque laboriosam et error quisquam ea. Enim praesentium et nostrum et voluptatem nostrum quia. Velit sed incidunt ut consectetur id. Dolore non et et incidunt et accusamus.'),(15,15,'2020-03-16','1976-03-24','Explicabo beatae sit nemo voluptatibus maxime voluptas modi incidunt. Doloribus quidem iste quo cupiditate. Vel consequatur maxime cum. Vitae est maiores ipsa nihil blanditiis est.'),(16,16,'1996-07-20','2005-01-21','Architecto est consectetur earum labore. Quo ipsa nam possimus aut. Praesentium reiciendis necessitatibus omnis exercitationem rem quos.'),(17,17,'1978-04-27','1976-04-28','Expedita dolor quo blanditiis in. Veniam eaque aperiam mollitia dolores nam error. Est et odio ea ex iusto ut omnis.'),(18,18,'1991-12-08','2015-11-07','Numquam eveniet delectus ut voluptas. Corrupti earum repudiandae praesentium saepe. Asperiores nihil quae enim esse sed et quam. Suscipit aut qui eos omnis.'),(19,19,'2017-10-08','2009-02-23','Sed voluptatem officia voluptas magni. Quia sed ratione voluptatibus atque nemo quia. Ipsam sed ratione accusamus eius explicabo quia et.'),(20,20,'1975-03-18','1987-09-10','Sunt explicabo quae quae in quae. A ut iste neque cum rerum. Quo neque impedit voluptas magni. Aliquam facilis autem in doloremque ratione aut maxime.'),(21,21,'2022-02-08','1987-01-07','Ipsum officia temporibus vitae alias. Atque amet ullam ipsum laboriosam sint.'),(22,22,'1978-03-15','1987-04-09','Eaque soluta qui debitis velit mollitia est et. Occaecati ad numquam vel doloribus veniam dolor. Dolorum earum minima voluptatum et dolorum ab. Cumque dolorum ut illo reprehenderit quia.'),(23,23,'1990-01-19','2021-05-21','Qui dolorem voluptate dolorem. Dicta deserunt amet labore porro nesciunt aut velit. Omnis et est omnis cumque nihil.'),(24,24,'1999-11-11','1991-03-11','Vitae cumque laudantium occaecati cum ullam repudiandae. Ad dolor dignissimos est laboriosam neque consequatur illum quos. Itaque fugiat dolor optio tenetur.'),(25,25,'2022-08-28','2012-02-04','Soluta fugiat et perferendis dolorum. Aliquam a assumenda dolor nostrum sit. Tempora aut consequatur odit explicabo delectus.'),(26,26,'2022-05-11','2005-05-30','Sit quaerat unde consequuntur in. Explicabo fuga culpa quae modi eum. Ullam est vel nisi exercitationem nesciunt. Omnis dolor dicta voluptatem architecto et quibusdam qui.'),(27,27,'2012-05-30','2020-02-14','Commodi optio molestias cum distinctio at earum. Iste libero beatae vel ad eligendi iure. Aut labore perferendis voluptatem officia et assumenda quos.'),(28,28,'2023-03-03','1976-10-13','Quisquam consequuntur reiciendis repellendus id. Error consequatur veritatis iste minima iste vitae. Molestiae error velit et ut.'),(29,29,'2004-04-23','2000-02-23','Aperiam nostrum officiis est quis dolorem est. Eum molestiae harum aut exercitationem consequatur debitis dignissimos voluptatibus. Minima et sint consequatur consequatur impedit velit porro.'),(30,30,'1983-01-07','1993-07-11','Sed dolorum commodi dolor harum magnam excepturi deleniti. Consequatur dolore aut et rem. Incidunt cum quisquam animi quis qui ducimus non.'),(31,31,'2018-04-11','1999-10-02','Magni quas et ipsam quae. Atque repellendus nihil quo sed culpa dolor. Ex deleniti consequatur corrupti tempore placeat.'),(32,32,'2004-03-21','2011-08-06','Ratione ullam dignissimos est nemo odit. Est totam quia non consectetur quae asperiores. Amet voluptas cum minima et expedita ullam.'),(33,33,'2009-11-12','2000-12-25','Adipisci ipsam rerum quas saepe et rem molestiae cum. Reprehenderit voluptatem qui et rerum. Quibusdam repellendus ipsam repellat dolor.'),(34,34,'1977-12-13','1992-10-22','Et eos quam repellat laborum aspernatur occaecati. Aut non fugit deleniti incidunt fuga velit. Similique fuga commodi rem quos optio quia.'),(35,35,'1998-05-27','2017-10-02','Iure soluta cum necessitatibus molestiae rerum qui. Harum reprehenderit voluptas sint ducimus ea animi et. Animi et et qui possimus maxime.'),(36,36,'2000-09-20','2000-07-09','Et exercitationem quibusdam molestiae voluptatem. Corrupti velit sit dicta voluptate mollitia. Et voluptatem deserunt quia quis ut totam dolor et. Excepturi doloribus in molestias nostrum.'),(37,37,'2012-05-02','2010-11-27','Maiores rerum est distinctio blanditiis neque aut ipsum. Provident rerum dolor reprehenderit earum molestiae quod. Totam aliquid dolor dolore commodi. At a non accusamus harum.'),(38,38,'2003-10-13','1985-05-02','Blanditiis omnis quia deserunt maiores sed. Iusto reiciendis modi numquam aspernatur id facilis aut. Consectetur velit ut totam delectus quidem quia voluptas eius.'),(39,39,'2010-09-08','2002-07-01','Aliquam ipsum dolor impedit aliquid. Quia voluptatibus veniam similique eum ut odit. Aut ut quia aliquam ipsa debitis. Provident perspiciatis repudiandae qui libero.'),(40,40,'2010-09-06','1999-01-18','Aut eveniet fugiat expedita amet fugit quasi sunt. Est voluptates sit laboriosam exercitationem. Eveniet sunt ex saepe tempore dolorem. Labore aut illo nemo nulla repellendus commodi facilis.'),(41,41,'2018-09-23','2018-03-29','Est occaecati molestiae odit necessitatibus quia. Assumenda et reprehenderit atque quam nisi vel. Voluptas nulla facere ut numquam.'),(42,42,'2019-11-01','1986-10-23','Et voluptates sint incidunt aspernatur. Et sunt dolores pariatur asperiores voluptatibus. Sint soluta temporibus saepe modi facilis est quaerat.'),(43,43,'1998-11-11','1978-03-03','Aut in consequuntur quam rerum nostrum deserunt qui dignissimos. Qui sunt amet reiciendis porro maxime. Aut quod accusamus quidem ad praesentium aut. Consequatur est nulla aut provident vitae.'),(44,44,'2000-02-08','1982-10-17','Omnis velit odit magnam libero omnis error. Sint voluptatum in tempore doloribus amet odit. Quam et nobis voluptas fugit cupiditate quidem non.'),(45,45,'1986-11-23','1993-03-10','Atque est sapiente dolore eos. Provident tempore iste quaerat aperiam. Quia in accusantium dolorem. Ratione similique temporibus rem possimus quam eum rerum.'),(46,46,'1970-12-03','2019-09-22','Autem est quasi hic et ut aut. Deleniti iure eaque harum fugit nihil qui blanditiis. Aut unde aliquid et iusto ipsa est commodi.'),(47,47,'1995-11-14','1979-09-07','Est a adipisci possimus in cum. Est in ad aut totam est dolorum repellat. Reiciendis recusandae unde et recusandae velit et. Doloremque rem aut qui hic.'),(48,48,'1993-06-20','1998-09-19','Dolorum exercitationem et placeat. Tempora hic qui ipsum aliquam natus ab. Placeat quisquam eveniet est et nesciunt ut similique.'),(49,49,'2021-07-26','1973-02-11','Eum placeat enim beatae. Possimus pariatur quia et maiores ipsum est nulla. Vel dignissimos fugit cupiditate non architecto culpa.'),(50,50,'2010-08-02','1975-11-04','Repellendus dolor sed quia doloribus ut repudiandae. Cum sit consequuntur inventore fuga ad qui. Esse et voluptatem incidunt hic.'),(51,1,'1979-05-29','2022-12-25','Nemo aut eius debitis sint non sit. Minima occaecati voluptas sed assumenda est vel voluptas. Consequatur nulla dolorem qui impedit libero nulla.'),(52,2,'2019-06-28','1988-09-13','Ab voluptatem neque distinctio praesentium. Eligendi alias animi molestiae nulla provident nulla totam. Neque id fuga veniam reprehenderit dolor autem. A ipsum consequuntur aut quas necessitatibus.'),(53,3,'2005-07-05','1999-11-30','Rerum sed odio facilis et consequuntur. Sapiente omnis quibusdam nemo est quisquam enim. Autem qui minima itaque quidem ut vel perferendis.'),(54,4,'2005-06-01','2019-05-29','Est quibusdam sed provident eveniet eum repudiandae facilis. Qui eum earum sit. Temporibus voluptas qui eos magnam. Cumque ea sit amet doloribus.'),(55,5,'2004-03-19','1986-05-22','Repellendus doloremque et ut suscipit sunt quisquam similique. Libero nobis explicabo qui et nisi ullam. Repellat officia dolorem in quaerat eveniet quibusdam.'),(56,6,'2000-04-08','1971-01-06','Rerum vel architecto totam. Quibusdam doloribus laboriosam sint sint. Nulla omnis qui nisi adipisci nihil aut.'),(57,7,'2010-01-04','1976-11-04','Tempora corporis sint iure ut accusamus temporibus id ipsum. Assumenda quos aut possimus dolorum sunt. Soluta dolorem eos perferendis dolor id id.'),(58,8,'1991-12-16','2005-03-09','Enim fugit consequatur error dolorum qui. Corrupti beatae quibusdam fuga adipisci et odit. Omnis aliquam quis et ad harum. Sint iste tenetur recusandae cum.'),(59,9,'1971-06-09','2001-11-04','Sequi doloribus sint id temporibus voluptatum. Temporibus recusandae rerum vel itaque quo ipsam. Error illo numquam magnam sunt dolores consectetur ullam.'),(60,10,'1991-05-12','1994-06-03','Qui eos porro magnam neque. Odit officiis delectus ea et consequuntur ut facere. Minus voluptate perferendis dolores natus voluptatem architecto. Dolores autem non consequatur dolores eligendi.');

INSERT INTO juridico (escritura_id,contrato_en_extracto,firmas_en_extracto,pendientes,no_paso,otorgamiento,firma,autorizacion,fecha_aviso_renap,fecha_envio_dircc,uif_poder_irrevocable,fecha_aviso_reloat,fecha_aviso_dir_not_tpa,folios,numeracion_folios,folio_cancelado,fecha_minuta,fecha_apendice,minuta,apendice,fecha_entrega_juridico,fecha_aviso_portal,fecha_cierre_antilavado,isr_enajenacion,isr_adquisicion,iva) VALUES (1,1,0,1,0,'2016-08-02','2012-05-17','2004-08-06','1971-09-01','1996-10-26','1977-10-23','2008-04-01','1981-04-20',8,'Nulla aut delectus aut quis quae. Modi ipsam consequatur dolor inventore explicabo et aliquam. Eum n',1,'2022-04-20','1996-01-19',0,0,'1998-10-14','2013-12-16','2017-02-02',0,1,0),(2,0,1,0,0,'2005-10-19','1980-05-28','2021-08-16','1998-04-18','2009-05-07','1995-04-19','1981-12-10','1982-09-25',9,'In expedita aut aliquid est aut. Dolorem sed pariatur molestias illo qui temporibus nobis. Natus max',4,'1995-07-07','1990-06-12',1,0,'1971-06-23','1980-11-15','2011-11-02',0,1,0),(3,1,1,0,1,'2007-04-25','2009-04-22','1993-05-24','1975-06-18','2021-06-02','1983-05-08','1983-05-09','1985-10-24',3,'Autem et qui accusantium adipisci quia. Qui voluptas quo tempore ipsum. Quis perferendis sit velit l',6,'2011-10-08','1990-09-21',0,0,'1987-09-13','2017-11-30','1976-06-10',1,1,0),(4,1,0,0,0,'1976-11-04','1993-07-06','1987-05-20','2003-10-22','2020-06-07','1973-07-04','2001-05-22','2010-10-16',8,'Nihil non porro praesentium quas itaque non quia. Velit velit et velit non eos et. Aut modi architec',1,'1976-10-10','2010-09-30',1,1,'1995-01-05','1974-05-07','2002-07-04',0,0,1),(5,0,0,1,0,'1996-09-08','1998-07-30','1996-09-01','1983-10-22','1979-05-28','1995-10-10','2004-10-14','1978-08-17',4,'Occaecati dolorum quae praesentium beatae. Expedita sit aliquam rem consequatur ad dolorem et unde. ',8,'1992-01-01','1992-10-24',1,0,'1982-09-27','2019-11-29','1973-08-10',1,1,1),(6,1,1,0,1,'2016-02-20','1999-02-01','1979-05-28','1970-08-27','1998-02-03','2004-11-02','2010-11-08','1999-12-31',4,'Qui libero facilis sit eligendi numquam sed. Esse non consequatur sit debitis architecto est occaeca',8,'1979-09-01','2013-05-12',1,1,'1978-04-15','1993-09-18','2001-09-09',0,0,1),(7,1,0,1,1,'1990-08-22','1977-04-30','2013-12-25','2013-08-22','2017-12-26','1971-04-10','2008-10-31','1992-08-05',5,'Velit velit nihil sit quam provident. Quidem sed vitae perspiciatis harum. In tempore sit dolore et ',2,'1982-04-22','1973-11-19',1,1,'1977-01-19','2002-05-28','2018-05-12',1,0,0),(8,0,1,0,0,'1982-01-02','2016-02-18','1999-07-01','1986-06-01','1994-08-14','1982-07-18','2004-11-22','2010-05-27',5,'Maiores et reiciendis nihil dicta maxime qui ratione. Sit fugit minus rerum veritatis. Deleniti nam ',8,'2007-09-08','1982-07-20',0,1,'2000-11-23','1993-04-01','2012-06-18',1,1,0),(9,0,0,1,0,'1980-11-01','1985-11-16','1996-03-03','2011-10-31','2018-05-18','2000-06-13','1981-06-25','1996-07-13',3,'Quis aperiam et maiores fugit. Repellat quam recusandae in dolorem dolorem dolores. Quasi voluptas u',0,'1989-04-09','2016-08-28',0,1,'1993-03-25','1970-10-17','1989-05-05',1,1,0),(10,0,0,0,0,'1995-09-13','1995-07-07','1980-12-30','1970-12-13','2006-03-11','1974-11-09','1996-12-14','1997-01-25',3,'Cum minima officiis libero tempore dolores. Officia facilis tempore dolores non doloribus. Illo sint',2,'1986-10-28','2009-09-23',0,0,'1982-06-20','2005-01-21','1973-04-09',0,0,1),(11,1,1,0,0,'2012-09-24','1981-11-24','1998-05-17','2004-05-14','2015-04-13','1982-12-27','1987-02-21','2011-08-31',1,'Aut porro voluptatibus inventore sed. Libero similique enim beatae et numquam. Non non ratione imped',8,'2014-06-04','2017-04-06',0,0,'1991-08-01','2004-10-19','1999-02-25',0,0,0),(12,1,1,1,0,'1987-09-23','1970-04-16','1982-10-06','2021-06-07','2019-06-10','1980-03-09','1972-10-02','1985-01-27',8,'Reprehenderit in architecto quam voluptas ipsum. Molestias et et blanditiis tempore aut. Libero a vo',5,'2021-07-23','1993-09-06',0,0,'1990-09-17','2008-09-22','2008-04-11',1,1,1),(13,1,1,0,0,'1970-02-05','1997-04-11','1977-01-25','1972-06-02','1972-08-18','2018-07-24','1998-03-19','1995-01-14',4,'Sit voluptates neque cumque harum aut facere. Omnis sit qui nobis facilis ab officia aut.',8,'1979-10-13','1989-05-25',0,0,'2010-08-19','1975-01-27','2012-09-29',0,0,0),(14,1,1,0,1,'1998-03-02','1990-03-10','1982-05-01','2004-03-20','2002-10-25','1985-07-26','1972-04-03','1989-06-02',4,'Et qui fugit vitae repellendus. Illum beatae voluptas maxime quos doloribus quia. A autem et soluta ',8,'1997-05-28','1980-01-10',1,0,'2016-02-22','2015-04-26','1974-04-23',0,1,0),(15,0,0,0,0,'2013-04-26','1973-06-02','1993-06-25','2016-07-27','1977-09-19','1997-06-07','2004-02-03','1988-12-31',3,'Rerum possimus aperiam pariatur quidem doloremque exercitationem. Nihil excepturi aliquid cumque vit',4,'1979-09-15','1985-06-05',1,0,'1994-11-21','1986-04-27','1998-09-18',1,1,0),(16,0,0,1,1,'1981-02-10','1975-09-02','1987-05-15','2015-07-11','1971-11-18','1993-01-12','1981-02-15','1973-04-03',4,'Architecto tempore deleniti ut inventore voluptatem reiciendis. A recusandae ad et eaque sunt saepe.',0,'2009-12-22','1978-10-25',1,0,'1971-02-26','2006-10-15','1973-05-11',1,0,0),(17,0,0,1,0,'1982-04-06','1989-07-25','1990-06-07','1985-10-11','2005-08-02','1979-12-29','1986-01-07','1977-09-03',6,'Esse quia quis fugiat corrupti reiciendis. Adipisci expedita id repellat eius et quod. Accusantium u',4,'1974-04-24','1997-07-14',1,1,'2007-03-18','1998-02-26','2017-03-29',1,0,1),(18,0,0,1,1,'1992-12-26','1979-06-20','1987-05-22','2021-03-03','1985-01-12','1989-12-06','1992-07-02','1982-10-15',5,'Eos provident possimus et ad voluptatibus sint cum. Placeat consequatur aliquid similique laborum qu',0,'1998-06-13','1985-10-14',0,1,'1996-03-11','1989-09-18','2016-02-13',1,1,1),(19,1,0,0,1,'2019-09-23','1975-06-30','1972-04-21','2017-03-04','1979-09-04','1989-06-27','2010-04-27','1990-01-28',1,'Consequuntur dolore saepe iusto molestiae facere numquam qui. Error praesentium minus veniam molesti',8,'1990-01-29','1988-03-27',0,1,'2019-04-14','1985-08-07','1974-10-14',0,0,1),(20,1,1,0,1,'2005-10-13','1980-01-11','1981-07-04','2009-05-23','1989-05-10','1994-06-16','2000-04-14','1970-01-01',3,'At quia sunt est perspiciatis provident voluptatem voluptatem. Qui ad eum in exercitationem nihil. E',4,'2009-04-03','2002-07-17',0,1,'2007-08-16','2021-02-16','2002-09-27',1,1,1),(21,0,1,0,0,'2015-03-19','2001-12-03','1982-05-16','2007-05-19','1977-07-22','2007-06-05','1996-10-21','1990-10-09',0,'Ipsam sed aut ipsam sint est exercitationem. Consequatur nam qui labore molestiae non maxime error. ',6,'2013-12-21','2003-07-23',1,1,'2021-11-06','1974-08-06','1987-05-17',0,0,1),(22,1,0,0,0,'2002-12-08','1999-08-29','2009-04-01','2004-04-26','2023-03-15','1982-05-24','1973-02-06','1995-06-26',0,'Non fuga est culpa omnis facere consequatur. Natus molestiae quaerat quia aut optio. Veniam voluptat',7,'1975-04-28','1971-11-21',0,1,'2016-12-01','2016-04-14','1991-03-22',0,1,0),(23,1,0,0,0,'1975-05-22','1986-12-22','1986-01-26','1994-12-31','2021-02-27','1983-11-14','1979-04-04','1991-12-19',0,'Inventore suscipit quia et nesciunt porro. Minus tempora et accusantium molestiae.',7,'2010-12-14','1977-04-22',1,1,'1996-05-20','2014-05-14','2013-05-25',0,1,1),(24,1,0,0,1,'1990-08-26','1977-05-26','2017-04-21','2006-05-29','2021-12-28','2015-12-06','1987-06-23','1990-08-05',9,'Libero deleniti dolorem voluptatem illo omnis et. Ea sunt corporis saepe vero reiciendis quia. Volup',6,'2001-08-04','1973-01-29',0,0,'2019-06-15','2012-05-07','2021-12-03',0,1,1),(25,1,1,1,1,'2002-03-13','1978-05-11','1981-02-20','1991-07-07','2005-01-22','2004-12-03','2021-03-07','2008-12-20',6,'Et ex aut dolor. Nostrum voluptas dolor eos omnis nam est eaque. Doloribus odit cumque laborum volup',1,'2007-09-17','2012-12-14',1,0,'2005-12-31','1988-01-20','2020-11-22',1,0,1),(26,1,1,0,0,'2013-09-18','2019-10-15','2022-01-02','2006-12-07','1986-03-20','1970-08-26','2002-07-30','2015-03-15',5,'Aut quisquam eveniet earum totam soluta odio recusandae. Minus totam labore similique dolorem porro ',6,'2005-06-08','1991-07-05',1,0,'1971-08-29','1994-05-01','1985-12-25',1,1,0),(27,0,0,0,1,'1975-06-07','1971-11-17','2006-02-21','1984-11-24','2016-05-04','2006-08-18','1988-02-23','1970-05-23',3,'Dolorem sed est eos labore. Quia et rerum exercitationem sequi. Laboriosam harum dolorem vel odio et',7,'2002-01-13','1996-01-07',1,0,'2020-04-26','2020-10-09','1980-02-02',0,1,0),(28,0,1,1,1,'1999-09-30','2005-05-22','2001-04-08','1973-08-25','1992-03-08','1991-12-21','1988-10-20','1994-07-11',2,'Nam voluptas amet beatae eaque eum. Iste fuga ducimus similique in accusamus sunt quaerat. Error aut',3,'1999-11-22','2012-04-07',1,0,'2008-10-07','2005-02-04','1997-11-30',1,0,1),(29,1,1,0,0,'1970-02-25','2019-08-15','1970-05-24','1972-12-17','1991-08-10','2006-02-02','1981-05-25','2006-05-21',0,'Atque ipsa ducimus ut esse. Et vitae omnis fugit. Aliquam dolores ullam quia id consectetur necessit',6,'1988-12-24','2014-02-05',0,0,'2007-09-07','1994-01-16','1987-08-28',1,1,0),(30,0,0,0,1,'1973-09-01','2004-02-23','1998-06-04','1999-12-16','1989-03-22','2017-07-07','2009-02-20','1992-01-23',8,'Tempora in eveniet est distinctio quos. Reprehenderit occaecati aliquid officia nisi. Iusto voluptat',4,'1996-11-28','1998-01-29',0,0,'2007-08-12','2018-10-15','2022-03-10',0,0,1),(31,0,1,1,1,'2004-04-24','1991-03-07','1975-04-29','1993-06-27','2017-07-08','1990-01-06','1978-07-07','2021-06-22',4,'Assumenda dolor sapiente magni sequi. Rem eligendi eos molestiae nobis qui rerum eos. Et sit minus m',9,'1992-04-16','2006-04-06',0,1,'2004-09-07','2000-08-23','2015-01-27',0,0,0),(32,0,0,0,0,'2011-09-02','1987-07-03','1983-08-18','2000-04-28','2004-09-24','2018-07-22','2001-12-10','1991-08-31',0,'Voluptatum sunt natus enim maxime voluptas. Ut et sint iure a. Et voluptatem voluptates exercitation',4,'2007-02-07','1996-06-28',1,0,'1970-11-03','2002-11-19','1978-01-11',1,1,0),(33,0,0,0,1,'2013-07-03','2005-04-14','2008-11-12','1998-02-03','2006-12-19','1997-07-06','1996-09-08','1970-06-21',3,'Inventore pariatur nesciunt facilis. Facere corrupti ut et voluptatem id. Minima rerum ea reprehende',7,'2001-01-26','1978-06-29',1,0,'2020-02-04','1987-02-06','2005-10-27',0,1,0),(34,0,0,1,1,'2020-12-07','1985-11-13','1998-06-12','1993-08-15','2001-11-29','1996-01-25','1984-11-22','1989-11-13',2,'Eaque eligendi rerum ut totam. Accusantium voluptatum consequatur id ut.',6,'2020-08-28','1994-09-14',0,1,'2004-04-12','1979-02-09','1999-01-25',1,1,1),(35,1,1,1,1,'2011-12-18','1998-09-14','2002-04-16','2022-06-08','2014-12-23','1973-11-15','1984-08-01','1989-06-02',1,'Labore dolor voluptas ratione nihil qui. Qui nesciunt nihil iure laboriosam. Nesciunt nihil ipsa vol',5,'2016-02-29','1985-05-09',1,0,'2007-01-12','2016-01-03','2019-07-02',0,0,1),(36,0,0,1,1,'2009-11-26','2009-11-28','1973-11-08','1990-05-17','1996-08-15','1971-02-16','2014-01-07','2001-02-26',9,'Est tempore non est possimus. Repudiandae eaque vel eos voluptatem enim et. Repellendus est rerum co',3,'2018-03-02','1979-07-26',1,1,'2012-12-18','1981-10-27','1979-07-11',1,1,0),(37,0,0,0,1,'1976-08-27','1989-02-27','1996-03-10','2020-05-07','1995-09-23','2007-06-04','1986-02-19','1982-08-27',0,'Temporibus praesentium possimus dolore nostrum nihil delectus. Eos quia sequi ad officia est. Enim r',8,'1975-11-16','1973-06-08',1,1,'2006-03-31','2011-03-06','2004-06-22',1,1,0),(38,1,0,0,1,'2003-02-21','1999-06-22','1994-10-24','1994-07-01','1989-06-21','1972-07-08','1996-09-04','1985-06-28',9,'In minima nostrum nihil repudiandae. Aut accusamus vitae sint repellendus voluptatem. Corporis cumqu',8,'1992-04-22','1976-04-02',0,1,'1980-11-29','2012-01-03','2001-08-15',1,1,1),(39,1,1,1,0,'1983-10-21','1973-02-03','2013-10-27','2001-09-17','1976-10-15','2016-03-29','2017-04-15','2009-10-08',9,'Et nihil et non et. Doloremque sint mollitia voluptas odio corrupti error. Eveniet eos quo totam aut',7,'1990-12-13','2005-01-06',0,0,'2007-08-03','1997-08-05','1996-10-05',0,0,1),(40,1,0,1,1,'1975-12-17','1984-09-02','1979-03-04','1992-01-21','2011-11-02','1970-03-20','2012-08-16','2011-05-24',2,'Inventore facere blanditiis qui dignissimos minus et. Iste enim cumque blanditiis quis voluptas. Ut ',5,'2019-01-01','1991-10-07',0,1,'1999-05-13','1992-08-04','1997-01-30',1,1,1),(41,0,1,0,0,'2022-10-18','2022-07-26','2019-02-11','2009-06-27','2012-02-17','2023-02-02','1991-05-21','1999-08-02',3,'Et id voluptas deserunt nisi ut qui. Praesentium sunt maxime ab necessitatibus. Similique eius nemo ',4,'1980-11-16','1975-05-14',0,0,'2013-03-11','1973-10-25','2016-12-23',0,0,0),(42,1,0,1,0,'2019-09-08','2018-11-30','1982-11-09','1995-09-01','1988-09-27','2010-01-19','1974-02-07','1997-10-27',9,'Qui itaque illum mollitia corrupti. Quo deserunt ipsa sunt magni ab. Consequuntur necessitatibus mol',0,'1991-03-11','2016-11-08',1,0,'2000-07-06','1985-11-07','1978-10-03',1,0,1),(43,1,1,1,1,'1977-04-15','2007-03-23','1970-12-18','2022-06-06','1994-11-14','2018-10-16','2011-07-31','1972-03-09',9,'Laborum aliquam dolor labore. Ad aut aliquam ipsum dolores sed eos non. Suscipit delectus voluptates',8,'1970-07-15','1988-08-05',0,1,'2013-09-23','2009-01-23','1995-09-22',1,1,1),(44,0,0,0,1,'2002-02-12','2007-06-23','1987-04-23','2023-02-01','2017-05-22','2003-07-17','2012-10-05','2014-06-11',8,'Officia aliquid omnis dolorem in voluptatem. Molestiae ut quo nostrum itaque numquam excepturi. Mole',9,'2019-05-08','2020-03-26',1,1,'1989-01-17','2015-04-15','1995-06-30',1,1,1),(45,0,1,0,1,'2002-08-24','2010-07-15','1986-05-29','1987-09-13','2021-01-17','2017-04-01','1998-07-29','1985-07-18',0,'Soluta repellat deleniti animi praesentium. Esse error soluta quo rerum quis id sed voluptates. Pari',6,'1990-11-28','1981-12-30',1,1,'1971-08-06','2012-01-23','1990-06-16',1,1,0),(46,1,0,0,1,'1975-10-04','2011-01-23','2014-01-26','1978-10-20','1982-03-12','2022-04-26','2000-01-23','2020-08-29',9,'Maiores dolorem quas quia excepturi aut a vitae. Quis molestias dolor sint. Necessitatibus porro con',0,'2008-09-21','1979-07-14',1,1,'1979-05-15','1983-11-19','2020-11-25',1,0,1),(47,0,0,1,0,'2019-09-25','1980-02-14','1972-01-04','2015-08-17','2007-06-11','1990-05-24','2017-11-29','2003-12-27',4,'Aliquid consequatur enim ut tempore id eum et. Optio non provident minus consequatur adipisci volupt',7,'1980-02-15','1993-04-21',0,0,'1992-10-18','2010-04-01','2019-08-25',1,0,1),(48,0,1,1,1,'1972-06-16','2022-06-14','2009-03-23','1981-06-25','2006-08-23','1977-08-24','1979-11-02','2012-06-14',8,'Quo sequi atque impedit perferendis. Sapiente eius repellendus eaque dolorem amet natus. Sed ratione',3,'1978-11-17','1993-04-30',1,1,'1980-01-18','1981-09-04','2015-05-22',1,0,1),(49,0,0,1,0,'1993-04-21','1983-01-08','1979-07-15','1991-11-10','1982-01-14','1976-12-14','2014-09-09','2002-07-02',4,'Placeat dolorem omnis a. Id soluta officia expedita corporis. Quis earum quae iure odit quisquam.',4,'2004-07-09','1977-01-12',0,0,'2000-09-23','1970-09-14','1974-11-05',0,0,0),(50,1,0,1,1,'2011-07-31','1989-08-16','1982-07-22','2014-10-29','1985-03-15','1991-12-01','1994-08-30','1984-01-04',4,'Odit voluptas culpa est eligendi et ullam iste. Sit natus accusamus doloribus omnis. Voluptas molest',7,'1974-10-08','1980-06-01',0,0,'1997-10-05','1989-04-04','1984-04-26',1,0,0);

create or replace view vista_tabla as
(select P.no_presupuesto,P.proyectista,P.proyecto,P.gestor,P.adquiriente,P.enajentante,P.valor_operacion,P.fecha_honorarios,P.monto_honorarios,P.monto_impuestos,P.saldo,P.pago_de_comision,E.no_escritura,E.bis,E.volumen,E.fecha_escritura,E.no_expediente,E.sr,E.clave_catastral,E.infonavit,E.entrega_testimonio,E.observaciones_escritura,E.fecha_vence_td,F.id as facturas,J.firma,J.isr_enajenacion,J.fecha_aviso_renap,J.iva,J.uif_poder_irrevocable,J.fecha_aviso_dir_not_tpa,J.numeracion_folios,J.fecha_minuta,J.contrato_en_extracto,J.minuta,J.pendientes,J.fecha_entrega_juridico,J.otorgamiento,J.fecha_cierre_antilavado,J.autorizacion,J.isr_adquisicion,J.fecha_envio_dircc,J.fecha_aviso_reloat,J.folios,J.folio_cancelado,J.fecha_apendice,J.firmas_en_extracto,J.apendice,J.no_paso,J.fecha_aviso_portal,D.no_oficio_escritura,D.fecha_envio_escritura,D.fecha_solicitud_busqueda_testa_rpp,D.fecha_solicitud_busqueda_testa_dircc,D.fecha_publicacion_periodico,D.fecha_publicacion_boletin,CC.id as id_cat_cc,CC.vencimiento_td,CC.observaciones_cat_calif,CC.cat_rev,FCC.id as fechas_catastro_calif,CT.id as id_cat_td,CT.cat_terminado,CT.observaciones_cat_td,FCT.id as fechas_catastro_td,R.id as id_rpp,R.folio_rpp,R.observaciones_rpp,R.registrada,FR.id as fechas_rpp,A.fecha_presentado,A.fecha_salida,A.fecha_vence,F.id as desgloce_ppto, BP.id as pagos, BD.id as depositos
from presupuesto P
left join escritura E on E.no_presupuesto = P.no_presupuesto
left join facturas F on F.no_presupuesto = P.no_presupuesto
left join juridico J on J.escritura_id = E.id
left join direccion_notarias_seguimiento_juicios D on D.escritura_id = E.id
left join catastro_calificacion CC on CC.no_presupuesto = P.no_presupuesto
left join cc_fechas_cc FCC on FCC.id_cc = CC.id
left join catastro_td CT on CT.escritura_id = E.id
left join ctd_fechas_ctd FCT on FCT.id_ctd = CT.id
left join rpp R on R.no_presupuesto = P.no_presupuesto
left join rpp_fechas_rpp FR on FR.id_rpp = R.id
left join aviso_definitivo A on A.folio_rpp = R.folio_rpp 
left join depositos_presupuesto BD on BD.no_presupuesto = P.no_presupuesto
left join pagos_presupuesto BP on BP.no_presupuesto = P.no_presupuesto
left join desgloce_ppto_presupuesto DP on DP.no_presupuesto = P.no_presupuesto
group by P.id)
union all
(select null,null,null,null,null,null,null,null,null,null,null,null,E.no_escritura,E.bis,E.volumen,E.fecha_escritura,E.no_expediente,E.sr,E.clave_catastral,E.infonavit,E.entrega_testimonio,E.observaciones_escritura,E.fecha_vence_td,null,J.firma,J.isr_enajenacion,J.fecha_aviso_renap,J.iva,J.uif_poder_irrevocable,J.fecha_aviso_dir_not_tpa,J.numeracion_folios,J.fecha_minuta,J.contrato_en_extracto,J.minuta,J.pendientes,J.fecha_entrega_juridico,J.otorgamiento,J.fecha_cierre_antilavado,J.autorizacion,J.isr_adquisicion,J.fecha_envio_dircc,J.fecha_aviso_reloat,J.folios,J.folio_cancelado,J.fecha_apendice,J.firmas_en_extracto,J.apendice,J.no_paso,J.fecha_aviso_portal,D.no_oficio_escritura,D.fecha_envio_escritura,D.fecha_solicitud_busqueda_testa_rpp,D.fecha_solicitud_busqueda_testa_dircc,D.fecha_publicacion_periodico,D.fecha_publicacion_boletin,null,null,null,null,null,CT.id as id_cat_td,CT.cat_terminado,CT.observaciones_cat_td,FCT.id as fechas_catastro_td,null,null, null,null,null,null,null,null,null,null,null
from presupuesto P
left join escritura E on E.no_presupuesto IS NULL or E.no_presupuesto = ''
left join juridico J on J.escritura_id = E.id
left join direccion_notarias_seguimiento_juicios D on D.escritura_id = E.id
left join catastro_td CT on CT.escritura_id = E.id
left join ctd_fechas_ctd FCT on FCT.id_ctd = CT.id
group by E.id
)order by no_escritura asc;

CREATE TABLE tabla_final AS       SELECT    *  FROM vista_tabla;
ALTER TABLE tabla_final ENGINE = InnoDB;
alter table tabla_final add column id int unsigned not null auto_increment primary key first;
drop view vista_tabla;

alter table tabla_final modify column no_escritura int unsigned null after no_presupuesto;
alter table tabla_final modify column bis tinyint(1) null after no_escritura;

alter table tabla_final modify column facturas int unsigned null;
alter table tabla_final modify column desgloce_ppto int unsigned null;
alter table tabla_final modify column depositos int unsigned null;
alter table tabla_final modify column pagos int unsigned null;
alter table tabla_final modify column fechas_catastro_calif int unsigned null;
alter table tabla_final modify column fechas_rpp int unsigned null;

alter table tabla_final add constraint fk_facturas foreign key (facturas) references facturas(id);
alter table tabla_final add constraint fk_desgloce_ppto foreign key (desgloce_ppto) references desgloce_ppto_presupuesto(id);
alter table tabla_final add constraint fk_depositos foreign key (depositos) references depositos_presupuesto(id);
alter table tabla_final add constraint fk_pagos foreign key (pagos) references pagos_presupuesto(id);
alter table tabla_final add constraint fk_fechas_catastro_td foreign key (fechas_catastro_td) references ctd_fechas_ctd(id);
alter table tabla_final add constraint fk_fechas_catastro_calif foreign key (fechas_catastro_calif) references cc_fechas_cc(id);
alter table tabla_final add foreign key (fechas_rpp) references rpp_fechas_rpp(id);
alter table depositos MODIFY observaciones varchar(500) null AFTER tipo;


ALTER TABLE facturas DROP FOREIGN KEY fk_facturas_escritura;
ALTER TABLE facturas DROP COLUMN escritura_id;
ALTER TABLE facturas DROP FOREIGN KEY fk_facturas_presupuesto;
ALTER TABLE facturas DROP INDEX unq_facturas_no_presupuesto;
alter table tabla_final modify no_presupuesto varchar(15) unique null;
ALTER TABLE facturas ADD FOREIGN KEY(no_presupuesto) REFERENCES tabla_final(no_presupuesto);

ALTER TABLE pagos_presupuesto DROP FOREIGN KEY fk_desgloce_ppto_presupuesto_1;
ALTER TABLE pagos_presupuesto ADD FOREIGN KEY(no_presupuesto) REFERENCES tabla_final(no_presupuesto);

ALTER TABLE depositos_presupuesto DROP FOREIGN KEY fk_desgloce_ppto_presupuesto_2;
ALTER TABLE depositos_presupuesto ADD FOREIGN KEY(no_presupuesto) REFERENCES tabla_final(no_presupuesto);

ALTER TABLE desgloce_ppto_presupuesto DROP FOREIGN KEY fk_desgloce_ppto_presupuesto_0;
ALTER TABLE desgloce_ppto_presupuesto ADD FOREIGN KEY(no_presupuesto) REFERENCES tabla_final(no_presupuesto);

ALTER TABLE cc_fechas_cc DROP FOREIGN KEY fk_cc_fechas_cc_catastro_calificacion;
alter table tabla_final CHANGE id_cat_cc id_cc int unsigned unique null;
ALTER TABLE cc_fechas_cc ADD FOREIGN KEY(id_cc) REFERENCES tabla_final(id_cc);

ALTER TABLE rpp_fechas_rpp DROP FOREIGN KEY fk_rpp_fechas_rpp_rpp;
alter table tabla_final modify column id_rpp int unsigned unique null;
ALTER TABLE rpp_fechas_rpp ADD FOREIGN KEY(id_rpp) REFERENCES tabla_final(id_rpp);

ALTER TABLE ctd_fechas_ctd DROP FOREIGN KEY fk_ctd_fechas_ctd_catastro_td;
alter table tabla_final CHANGE id_cat_td id_ctd int unsigned unique null;
ALTER TABLE ctd_fechas_ctd ADD FOREIGN KEY(id_ctd) REFERENCES tabla_final(id_ctd);

ALTER TABLE ctd_fechas_ctd DROP FOREIGN KEY ctd_fechas_ctd_ibfk_1;
ALTER TABLE ctd_fechas_ctd ADD FOREIGN KEY(id_ctd) REFERENCES tabla_final(id_ctd) ON DELETE CASCADE ON UPDATE CASCADE;

ALTER TABLE desgloce_ppto DROP FOREIGN KEY fk_desgloce_ppto_relacion_desgloce_presupuesto;
ALTER TABLE desgloce_ppto ADD CONSTRAINT fk_desgloce_ppto_relacion_desgloce_presupuesto FOREIGN KEY (id_relacion) REFERENCES desgloce_ppto_presupuesto (id) ON DELETE CASCADE ON UPDATE CASCADE;

ALTER TABLE depositos_presupuesto
DROP FOREIGN KEY depositos_presupuesto_ibfk_1;
ALTER TABLE depositos_presupuesto
ADD CONSTRAINT depositos_presupuesto_ibfk_1
FOREIGN KEY (no_presupuesto)
REFERENCES tabla_final (no_presupuesto)
ON DELETE CASCADE
ON UPDATE CASCADE;

ALTER TABLE tabla_final
DROP FOREIGN KEY fk_depositos;
ALTER TABLE tabla_final
ADD CONSTRAINT fk_depositos
FOREIGN KEY (depositos)
REFERENCES depositos_presupuesto (id)
ON DELETE CASCADE
ON UPDATE CASCADE;

ALTER TABLE pagos
DROP FOREIGN KEY fk_pagos_depositos_presupuesto;
ALTER TABLE pagos
ADD CONSTRAINT fk_pagos_depositos_presupuesto
FOREIGN KEY (id_relacion)
REFERENCES depositos_presupuesto (id)
ON DELETE CASCADE
ON UPDATE CASCADE;

ALTER TABLE tabla_final
DROP FOREIGN KEY fk_desgloce_ppto;
ALTER TABLE tabla_final
ADD CONSTRAINT fk_desgloce_ppto
FOREIGN KEY (desgloce_ppto)
REFERENCES desgloce_ppto_presupuesto (id)
ON DELETE CASCADE
ON UPDATE CASCADE;

ALTER TABLE facturas
DROP FOREIGN KEY facturas_ibfk_1;
ALTER TABLE facturas
ADD CONSTRAINT facturas_ibfk_1
FOREIGN KEY (no_presupuesto)
REFERENCES tabla_final (no_presupuesto)
ON DELETE CASCADE
ON UPDATE CASCADE;

ALTER TABLE tabla_final
DROP FOREIGN KEY fk_facturas;
ALTER TABLE tabla_final
ADD CONSTRAINT fk_facturas
FOREIGN KEY (facturas)
REFERENCES facturas (id)
ON DELETE CASCADE
ON UPDATE CASCADE;

ALTER TABLE no_facturas
DROP FOREIGN KEY fk_facturas_facturas_escritura;
ALTER TABLE no_facturas
ADD CONSTRAINT fk_facturas_facturas_escritura
FOREIGN KEY (id_relacion)
REFERENCES facturas (id)
ON DELETE CASCADE
ON UPDATE CASCADE;

ALTER TABLE pagos_presupuesto
DROP FOREIGN KEY pagos_presupuesto_ibfk_1;
ALTER TABLE pagos_presupuesto
ADD CONSTRAINT pagos_presupuesto_ibfk_1
FOREIGN KEY (no_presupuesto)
REFERENCES tabla_final (no_presupuesto)
ON DELETE CASCADE
ON UPDATE CASCADE;

ALTER TABLE depositos
DROP FOREIGN KEY fk_depositos_pagos_presupuesto;
ALTER TABLE depositos
ADD CONSTRAINT fk_depositos_pagos_presupuesto
FOREIGN KEY (id_relacion)
REFERENCES pagos_presupuesto (id)
ON DELETE CASCADE
ON UPDATE CASCADE;

ALTER TABLE tabla_final
DROP FOREIGN KEY fk_pagos;
ALTER TABLE tabla_final
ADD CONSTRAINT fk_pagos
FOREIGN KEY (pagos)
REFERENCES pagos_presupuesto (id)
ON DELETE CASCADE
ON UPDATE CASCADE;

ALTER TABLE cc_fechas_cc
DROP FOREIGN KEY cc_fechas_cc_ibfk_1;
ALTER TABLE cc_fechas_cc
ADD CONSTRAINT cc_fechas_cc_ibfk_1
FOREIGN KEY (id_cc)
REFERENCES tabla_final (id_cc)
ON DELETE CASCADE
ON UPDATE CASCADE;

ALTER TABLE tabla_final
DROP FOREIGN KEY fk_fechas_catastro_calif;
ALTER TABLE tabla_final
ADD CONSTRAINT fk_fechas_catastro_calif
FOREIGN KEY (fechas_catastro_calif)
REFERENCES cc_fechas_cc (id)
ON DELETE CASCADE
ON UPDATE CASCADE;

ALTER TABLE fechas_catastro_calif
DROP FOREIGN KEY fk_fechas_catastro_calif_cc_fechas_cc;
ALTER TABLE fechas_catastro_calif
ADD CONSTRAINT fk_fechas_catastro_calif_cc_fechas_cc
FOREIGN KEY (id_fechas)
REFERENCES cc_fechas_cc(id)
ON DELETE CASCADE
ON UPDATE CASCADE;

ALTER TABLE rpp_fechas_rpp
DROP FOREIGN KEY `rpp_fechas_rpp_ibfk_1`;
ALTER TABLE rpp_fechas_rpp ADD CONSTRAINT `rpp_fechas_rpp_ibfk_1`
FOREIGN KEY (`id_rpp`) REFERENCES `tabla_final` (`id_rpp`) 
ON DELETE CASCADE
ON UPDATE CASCADE;

ALTER TABLE `fechas_rpp`
DROP FOREIGN KEY `fk_fechas_rpp_rpp_fechas_rpp`;
ALTER TABLE `fechas_rpp` ADD CONSTRAINT `fk_fechas_rpp_rpp_fechas_rpp`
FOREIGN KEY (`id_fechas`) REFERENCES `rpp_fechas_rpp` (`id`) ON DELETE CASCADE ON UPDATE CASCADE;

ALTER TABLE tabla_final
DROP FOREIGN KEY tabla_final_ibfk_1;

ALTER TABLE tabla_final
ADD CONSTRAINT tabla_final_ibfk_1
FOREIGN KEY (fechas_rpp)
REFERENCES rpp_fechas_rpp(id)
ON DELETE CASCADE;

ALTER TABLE `notarius`.`tabla_final` 
DROP FOREIGN KEY `fk_fechas_catastro_td`;
ALTER TABLE `notarius`.`tabla_final` 
ADD CONSTRAINT `fk_fechas_catastro_td` 
FOREIGN KEY (`fechas_catastro_td`) 
REFERENCES `ctd_fechas_ctd` (`id`) 
ON DELETE CASCADE ON UPDATE CASCADE;

alter table tabla_final add CONSTRAINT `unique` UNIQUE ( no_escritura, bis );
alter table tabla_final add column color VARCHAR(30) DEFAULT 'gray';
ALTER TABLE tabla_final MODIFY COLUMN color VARCHAR(30) DEFAULT 'gray' after id;
alter table tabla_final add column vencimiento_color VARCHAR(30) DEFAULT 'gray';
ALTER TABLE tabla_final MODIFY COLUMN vencimiento_color VARCHAR(30) DEFAULT 'gray' after color;
alter table tabla_final drop column vencimiento_td;
alter table tabla_final modify column cat_terminado enum('si','en tramite','correccion') null;
